EmployeeNumber,BusinessTravel,EnvironmentSatisfaction,JobSatisfaction,MonthlyIncome,NumCompaniesWorked,Over18,OverTime,PercentSalaryHike,PerformanceRating,RelationshipSatisfaction,StandardHours,StockOptionLevel,TotalWorkingYears,TrainingTimesLastYear,WorkLifeBalance,YearsAtCompany,YearsInCurrentRole,YearsSinceLastPromotion,YearsWithCurrManager,Attrition
1,Travel_Rarely,2,4,6173,8,Y,Yes,9,3,1,80,0,8,0,1,6,4,0,5,1
2,Travel_Frequently,3,2,5284,1,Y,No,21,4,4,80,1,10,3,3,10,7,1,7,0
4,Travel_Rarely,4,3,2153,6,Y,Yes,13,3,2,80,0,7,3,3,0,0,0,0,1
5,Travel_Frequently,4,3,2996,1,Y,Yes,9,3,3,80,0,8,3,3,8,7,3,0,0
7,Travel_Rarely,1,2,3572,9,Y,No,10,3,4,80,1,6,3,3,2,2,2,2,0
8,Travel_Frequently,4,4,3160,0,Y,No,11,3,3,80,0,8,2,2,7,7,3,6,0
10,Travel_Rarely,3,1,2750,4,Y,Yes,18,4,1,80,3,13,3,2,1,0,0,0,0
11,Travel_Rarely,4,3,2774,1,Y,No,20,4,2,80,1,1,2,3,1,0,0,0,0
12,Travel_Frequently,4,3,9812,0,Y,No,19,4,2,80,0,10,2,3,9,7,1,8,0
13,Travel_Rarely,3,3,5394,6,Y,No,11,3,2,80,2,18,3,2,7,7,7,7,0
14,Travel_Rarely,1,2,2499,0,Y,No,11,3,3,80,1,6,5,3,5,4,0,3,0
15,Travel_Rarely,4,3,4319,0,Y,Yes,10,3,4,80,0,10,3,3,9,5,0,8,0
16,Travel_Rarely,1,3,2998,1,Y,No,15,3,4,80,1,5,1,2,5,2,4,3,0
18,Travel_Rarely,2,4,2741,0,Y,No,9,3,3,80,1,3,2,3,2,2,1,2,0
19,Travel_Rarely,3,3,2089,5,Y,Yes,12,3,2,80,0,6,4,3,4,2,0,3,1
20,Travel_Rarely,2,1,10279,1,Y,No,9,3,3,80,1,10,1,3,10,9,8,8,0
21,Travel_Rarely,1,2,3397,0,Y,Yes,10,3,4,80,2,7,5,2,6,2,0,5,0
22,Non-Travel,4,4,3023,1,Y,Yes,11,3,2,80,2,1,2,2,1,0,0,0,0
23,Travel_Rarely,1,4,15890,2,Y,No,14,3,3,80,0,32,3,3,25,8,3,7,1
24,Travel_Rarely,4,4,4062,5,Y,Yes,9,3,3,80,0,6,3,3,3,2,1,2,0
26,Non-Travel,1,3,4131,0,Y,No,16,3,4,80,1,5,5,2,4,2,1,3,0
27,Travel_Rarely,3,1,3509,7,Y,No,21,4,2,80,0,10,4,3,5,3,0,3,1
28,Travel_Rarely,1,2,12354,0,Y,No,9,3,3,80,0,14,4,3,12,6,2,11,0
30,Travel_Rarely,3,4,1269,1,Y,No,12,3,4,80,0,0,6,3,0,0,0,0,0
31,Travel_Rarely,2,1,3049,2,Y,No,9,3,3,80,0,8,2,3,4,2,1,3,1
32,Travel_Rarely,3,3,19667,4,Y,No,9,3,4,80,1,27,3,2,14,13,4,8,1
33,Travel_Frequently,2,1,4037,1,Y,Yes,20,4,2,80,0,10,5,3,10,2,6,7,1
35,Travel_Rarely,3,2,7030,0,Y,No,9,3,4,80,1,10,2,3,9,7,4,2,0
36,Travel_Rarely,1,4,10555,3,Y,No,12,3,4,80,1,25,4,3,22,6,5,17,0
38,Travel_Rarely,2,1,19515,3,Y,No,10,3,4,80,0,23,2,2,2,2,2,1,1
39,Travel_Rarely,3,4,2571,4,Y,No,9,3,4,80,0,7,3,3,1,1,0,0,0
40,Travel_Rarely,4,4,6659,2,Y,Yes,11,3,4,80,0,9,5,4,4,2,1,3,0
41,Travel_Rarely,4,3,2272,1,Y,No,11,3,1,80,0,10,5,3,10,0,1,8,0
42,Travel_Rarely,4,4,2149,3,Y,No,12,3,3,80,1,20,6,4,1,0,0,0,1
45,Travel_Rarely,2,4,2362,2,Y,Yes,14,3,1,80,1,6,2,2,2,0,2,0,1
46,Travel_Rarely,4,3,2724,1,Y,No,10,3,4,80,2,6,3,2,5,3,1,4,0
47,Travel_Rarely,1,3,2763,1,Y,Yes,12,3,3,80,0,3,2,3,3,2,0,2,1
49,Travel_Rarely,4,4,2074,1,Y,No,11,3,1,80,0,2,3,3,2,2,2,2,0
51,Travel_Rarely,2,1,3522,9,Y,Yes,12,3,4,80,1,6,3,4,1,1,0,0,0
52,Travel_Frequently,3,1,5537,2,Y,No,17,3,1,80,2,10,3,3,5,3,1,3,0
53,Travel_Rarely,3,4,2010,1,Y,No,10,3,3,80,1,1,3,3,1,0,0,0,0
54,Travel_Rarely,4,1,2411,1,Y,No,11,3,4,80,1,1,6,3,1,0,0,0,0
55,Travel_Rarely,1,3,2362,1,Y,No,10,3,3,80,0,1,2,2,1,0,0,1,1
56,Travel_Frequently,4,3,8988,1,Y,No,13,3,4,80,0,9,0,3,9,8,1,7,0
57,Travel_Frequently,3,4,4131,1,Y,No,21,4,4,80,0,13,2,3,12,8,3,7,0
58,Travel_Rarely,2,3,20131,1,Y,No,10,3,4,80,0,24,0,3,22,15,15,8,1
60,Non-Travel,2,3,4705,0,Y,No,18,4,3,80,0,10,2,3,9,5,8,7,0
61,Travel_Rarely,2,2,3113,4,Y,No,19,4,1,80,0,8,1,3,1,0,0,0,0
62,Travel_Frequently,1,4,5945,4,Y,Yes,19,4,3,80,0,15,4,3,9,6,0,8,0
63,Travel_Rarely,4,4,2337,1,Y,No,17,3,4,80,0,1,2,3,1,0,0,1,0
64,Travel_Rarely,1,3,5542,9,Y,Yes,11,3,4,80,0,24,2,3,1,0,0,0,1
65,Travel_Rarely,3,3,3544,1,Y,Yes,11,3,3,80,0,2,3,2,2,2,2,2,1
68,Travel_Rarely,2,1,5618,5,Y,Yes,19,4,3,80,1,9,2,2,4,3,1,3,0
70,Non-Travel,3,1,10181,2,Y,Yes,11,3,3,80,1,10,3,3,4,0,2,3,0
72,Travel_Rarely,3,4,4282,7,Y,Yes,17,3,3,80,1,5,2,2,2,2,0,0,0
73,Travel_Frequently,1,4,13862,1,Y,Yes,10,3,3,80,0,16,1,3,15,14,8,12,1
74,Travel_Frequently,2,1,9341,1,Y,No,20,4,4,80,1,9,3,2,9,8,1,8,0
75,Travel_Rarely,3,1,4134,3,Y,Yes,13,3,3,80,1,4,3,3,2,2,2,2,0
76,Travel_Rarely,4,4,6092,3,Y,No,20,4,4,80,1,10,3,2,7,7,1,7,0
77,Travel_Rarely,1,3,6173,1,Y,No,16,3,3,80,1,7,2,4,7,5,0,7,0
78,Travel_Rarely,1,4,6347,1,Y,Yes,20,4,2,80,1,9,3,3,9,8,7,8,0
79,Travel_Frequently,4,4,2478,1,Y,No,9,3,4,80,0,10,2,3,10,3,9,9,0
80,Travel_Rarely,2,3,19302,5,Y,Yes,10,3,4,80,1,30,2,2,27,3,13,8,1
81,Travel_Rarely,1,1,7866,7,Y,No,9,3,4,80,0,29,3,2,21,16,7,9,0
83,Travel_Rarely,3,3,10399,1,Y,No,11,3,2,80,3,18,2,3,17,14,12,8,0
84,Travel_Rarely,4,3,15199,2,Y,Yes,12,3,3,80,3,22,2,3,5,0,0,2,1
85,Travel_Frequently,2,2,6694,1,Y,No,11,3,3,80,0,6,3,3,6,5,0,3,0
86,Travel_Rarely,2,1,10016,2,Y,No,15,3,3,80,1,26,2,3,1,0,0,0,0
88,Travel_Frequently,2,1,2260,4,Y,No,11,3,4,80,1,5,2,2,3,2,1,2,0
90,Travel_Rarely,4,3,3490,0,Y,Yes,15,3,1,80,1,2,0,2,1,0,0,0,1
91,Travel_Frequently,1,3,5637,7,Y,No,9,3,4,80,0,21,2,2,4,3,1,3,0
94,Travel_Rarely,3,2,2784,0,Y,No,21,4,4,80,1,6,3,3,5,4,0,4,0
95,Travel_Rarely,3,2,2576,1,Y,No,15,3,2,80,0,1,4,3,1,1,1,0,0
96,Travel_Rarely,2,2,6407,1,Y,No,15,3,2,80,2,10,3,3,10,4,0,9,0
97,Travel_Rarely,2,4,3129,3,Y,No,10,3,2,80,0,5,3,3,1,0,0,0,0
98,Travel_Rarely,3,4,4557,1,Y,No,21,4,4,80,0,12,2,3,11,7,1,8,0
100,Travel_Rarely,3,1,4441,0,Y,No,12,3,2,80,0,17,2,3,15,13,2,8,0
101,Travel_Rarely,4,1,13642,4,Y,Yes,12,3,2,80,0,18,3,4,0,0,0,0,0
102,Travel_Rarely,1,3,14074,4,Y,No,11,3,1,80,0,17,3,4,5,2,0,2,1
103,Travel_Rarely,2,2,5172,8,Y,Yes,20,4,4,80,1,17,2,3,4,2,0,2,0
104,Travel_Rarely,4,4,5280,1,Y,Yes,10,3,3,80,2,10,1,2,10,8,3,0,0
105,Travel_Rarely,2,3,2945,1,Y,No,16,3,1,80,0,6,3,3,6,4,0,4,0
106,Travel_Rarely,1,4,10546,3,Y,No,12,3,4,80,1,25,4,3,1,0,1,0,0
107,Non-Travel,2,4,5489,7,Y,Yes,10,3,4,80,3,18,3,3,13,11,1,9,0
110,Travel_Rarely,1,2,4455,1,Y,No,13,3,3,80,0,5,2,3,5,2,1,3,0
112,Travel_Rarely,4,4,7478,4,Y,No,9,3,1,80,0,38,3,2,6,4,0,2,0
113,Travel_Rarely,3,1,2392,3,Y,No,11,3,3,80,1,3,3,3,0,0,0,0,0
116,Travel_Rarely,4,4,2137,3,Y,No,21,4,2,80,2,10,4,3,4,2,0,3,0
117,Travel_Rarely,3,4,4277,1,Y,No,17,3,1,80,3,12,3,3,11,10,10,8,0
118,Travel_Rarely,3,4,9908,1,Y,No,14,3,4,80,0,9,3,3,9,8,4,7,1
119,Travel_Frequently,3,2,13908,1,Y,No,20,4,4,80,1,23,3,2,22,3,11,11,1
120,Travel_Rarely,3,4,5604,0,Y,Yes,20,4,4,80,0,12,2,1,10,7,1,0,0
121,Travel_Rarely,3,2,5365,1,Y,Yes,10,3,2,80,3,12,4,2,11,8,2,7,0
124,Travel_Frequently,3,1,10993,2,Y,Yes,11,3,3,80,1,22,5,2,10,9,9,5,0
125,Travel_Rarely,2,3,5160,1,Y,No,14,3,1,80,0,13,0,3,11,8,5,7,0
126,Travel_Rarely,1,3,13955,9,Y,No,10,3,1,80,1,17,5,1,4,3,0,3,1
128,Travel_Rarely,1,3,5149,0,Y,No,19,4,1,80,1,4,2,2,3,2,0,2,0
129,Non-Travel,2,3,4348,1,Y,No,13,3,2,80,0,5,3,4,5,4,0,4,0
131,Travel_Rarely,4,3,14288,0,Y,No,11,3,3,80,0,39,1,2,37,10,1,8,1
132,Non-Travel,2,2,2103,4,Y,No,10,3,3,80,1,18,3,4,3,2,1,2,0
133,Travel_Rarely,3,1,2135,4,Y,Yes,20,4,4,80,0,7,3,3,3,2,0,2,1
134,Travel_Rarely,4,1,3045,1,Y,No,11,3,4,80,0,1,2,3,1,0,0,0,0
137,Travel_Frequently,4,4,3014,1,Y,Yes,16,3,2,80,0,1,5,3,1,0,1,0,1
138,Travel_Rarely,1,3,4953,1,Y,No,12,3,3,80,0,17,3,3,16,13,2,10,0
139,Non-Travel,3,4,5318,5,Y,No,12,3,4,80,1,18,2,4,1,0,0,0,0
140,Non-Travel,3,4,19409,9,Y,No,19,4,4,80,1,31,3,3,3,2,2,2,1
141,Travel_Frequently,1,2,18717,3,Y,Yes,17,3,1,80,0,29,1,2,8,3,0,7,1
142,Travel_Rarely,3,3,5916,1,Y,Yes,9,3,4,80,0,6,1,3,6,4,0,3,1
143,Travel_Rarely,4,4,2976,1,Y,No,9,3,3,80,2,2,2,3,2,2,2,1,0
144,Travel_Rarely,2,4,2957,1,Y,No,13,3,3,80,0,1,5,3,0,0,0,0,0
145,Travel_Frequently,1,1,7709,3,Y,No,18,4,3,80,0,24,1,2,13,12,12,8,0
147,Travel_Frequently,1,3,6256,1,Y,Yes,22,4,4,80,0,9,3,3,9,7,0,6,1
148,Non-Travel,4,4,17848,2,Y,Yes,10,3,3,80,0,24,3,3,5,3,4,4,1
150,Travel_Rarely,2,3,2857,0,Y,No,10,3,3,80,1,6,2,3,5,3,1,2,0
151,Travel_Rarely,3,2,4640,6,Y,No,13,3,3,80,1,13,3,3,1,0,0,0,0
152,Travel_Rarely,3,4,7651,2,Y,No,10,3,1,80,0,13,3,3,5,3,1,3,0
153,Travel_Rarely,3,1,11980,2,Y,No,10,3,4,80,0,15,6,3,11,10,5,8,0
154,Travel_Frequently,2,4,10030,0,Y,No,12,3,3,80,1,10,6,3,9,7,2,8,0
155,Travel_Rarely,1,4,2920,5,Y,No,20,4,1,80,1,7,2,3,1,0,0,0,0
158,Travel_Frequently,3,4,17468,1,Y,Yes,10,3,4,80,2,26,3,4,25,12,4,12,1
159,Travel_Frequently,1,3,2691,1,Y,No,23,4,3,80,3,10,2,2,10,7,0,9,0
160,Non-Travel,3,2,6330,0,Y,No,11,3,1,80,1,8,2,4,7,7,0,7,0
161,Travel_Rarely,2,2,5112,9,Y,Yes,16,3,1,80,3,7,2,3,5,4,4,3,1
162,Travel_Rarely,1,3,20123,7,Y,No,11,3,3,80,0,24,5,3,20,18,15,15,1
163,Travel_Rarely,2,3,6357,4,Y,Yes,16,3,2,80,0,13,3,2,7,7,7,7,1
164,Travel_Rarely,3,2,2439,1,Y,No,17,3,3,80,0,5,3,2,5,4,4,3,0
165,Travel_Rarely,4,4,10621,1,Y,No,10,3,4,80,1,41,3,2,40,10,15,6,1
167,Travel_Rarely,4,3,1725,1,Y,Yes,17,3,4,80,0,0,2,2,0,0,0,0,1
169,Travel_Rarely,3,4,2599,0,Y,No,12,3,3,80,1,3,2,3,2,1,2,1,0
170,Travel_Rarely,3,1,6764,1,Y,No,12,3,3,80,0,17,2,2,15,11,5,11,0
171,Travel_Frequently,2,3,4881,4,Y,No,10,3,4,80,0,19,2,3,3,2,1,2,0
174,Travel_Frequently,3,4,9484,4,Y,No,9,3,4,80,0,17,3,3,2,2,2,1,0
175,Travel_Rarely,2,3,4696,3,Y,Yes,9,3,3,80,1,4,2,3,2,2,2,2,1
176,Travel_Rarely,3,3,8435,3,Y,Yes,11,3,3,80,1,13,2,3,9,7,0,7,0
177,Travel_Rarely,3,3,3030,1,Y,No,21,4,4,80,1,8,3,3,8,7,5,7,0
178,Travel_Rarely,2,2,5089,6,Y,No,18,4,4,80,2,7,0,3,3,2,0,1,0
179,Travel_Frequently,1,4,10970,2,Y,No,13,3,4,80,0,19,2,3,4,2,0,3,1
182,Travel_Rarely,4,3,6079,4,Y,No,12,3,3,80,1,18,1,4,15,11,5,9,0
183,Travel_Rarely,1,3,8898,2,Y,No,16,3,4,80,0,6,3,3,2,2,2,2,0
184,Travel_Rarely,3,4,6537,0,Y,Yes,17,3,4,80,0,13,2,1,11,9,4,7,0
190,Travel_Rarely,1,1,4326,7,Y,No,20,4,1,80,0,10,2,4,5,4,0,4,1
192,Travel_Rarely,3,4,3556,5,Y,No,11,3,2,80,0,9,2,2,6,5,0,3,0
193,Travel_Rarely,4,3,4447,3,Y,Yes,18,4,2,80,0,20,2,3,3,2,2,2,0
194,Travel_Rarely,1,3,2711,1,Y,No,12,3,3,80,0,5,4,2,5,4,0,4,0
195,Travel_Frequently,4,4,4808,0,Y,No,15,3,4,80,3,9,2,4,8,7,0,7,0
197,Travel_Rarely,4,1,3300,5,Y,No,12,3,4,80,1,8,3,3,3,2,2,2,0
198,Travel_Rarely,2,4,2802,0,Y,No,11,3,4,80,0,6,3,3,5,3,1,2,0
199,Travel_Frequently,4,1,17696,4,Y,No,11,3,2,80,1,22,2,2,7,6,7,7,1
200,Travel_Rarely,3,1,2305,2,Y,No,19,4,4,80,1,7,2,3,5,0,1,4,0
201,Travel_Rarely,2,2,1527,1,Y,No,12,3,4,80,0,1,3,3,1,0,0,0,0
202,Travel_Frequently,2,2,5773,1,Y,No,9,3,1,80,1,21,2,3,20,7,2,13,0
204,Travel_Rarely,3,2,7514,1,Y,No,11,3,1,80,2,10,3,3,10,8,0,6,0
205,Travel_Rarely,2,3,2375,2,Y,Yes,18,4,4,80,1,14,3,1,7,7,4,5,0
206,Travel_Rarely,2,2,2418,8,Y,No,16,3,3,80,1,21,2,1,17,9,0,15,0
207,Travel_Frequently,2,4,9268,1,Y,No,12,3,4,80,0,9,2,3,9,8,3,7,0
208,Non-Travel,4,3,4449,1,Y,No,11,3,1,80,1,10,1,3,10,7,0,9,0
211,Travel_Rarely,2,3,6316,2,Y,No,15,3,3,80,0,10,2,3,1,0,0,0,0
214,Travel_Rarely,2,2,3446,4,Y,Yes,18,4,2,80,1,9,3,2,1,0,0,0,0
215,Travel_Rarely,3,4,11181,7,Y,No,9,3,1,80,1,16,2,2,12,11,2,11,0
216,Travel_Frequently,3,3,2298,6,Y,No,16,3,4,80,1,6,3,3,4,3,1,2,0
217,Travel_Rarely,3,4,2393,1,Y,No,22,4,1,80,2,2,6,3,2,2,2,2,0
218,Non-Travel,4,2,2085,6,Y,No,16,3,4,80,1,6,1,1,2,2,2,2,0
221,Travel_Rarely,3,4,2794,1,Y,No,9,3,3,80,1,5,2,1,5,2,0,2,0
223,Travel_Rarely,3,4,9722,3,Y,Yes,14,3,2,80,1,13,2,1,5,3,1,4,0
224,Non-Travel,3,3,2643,1,Y,Yes,13,3,4,80,1,1,2,2,1,1,0,1,0
226,Travel_Rarely,3,2,20524,3,Y,No,13,3,2,80,0,22,5,3,5,4,4,4,1
227,Travel_Rarely,1,3,2525,4,Y,No,10,3,1,80,1,14,2,3,9,8,1,8,0
228,Travel_Rarely,2,4,9702,2,Y,No,10,3,3,80,1,13,2,3,10,9,7,4,0
230,Travel_Rarely,1,4,8947,4,Y,No,20,4,3,80,0,13,2,4,8,3,0,7,0
231,Travel_Rarely,3,3,3129,3,Y,No,18,4,1,80,0,8,2,3,5,4,1,4,0
233,Travel_Rarely,3,2,3150,0,Y,Yes,14,3,4,80,1,6,3,2,5,2,1,1,0
235,Travel_Frequently,3,1,2395,0,Y,No,19,4,1,80,0,1,5,4,0,0,0,0,1
238,Travel_Frequently,4,2,2151,4,Y,No,10,3,3,80,0,14,3,2,8,7,7,2,0
239,Non-Travel,3,1,3164,1,Y,No,9,3,3,80,2,13,4,3,12,9,6,10,0
240,Travel_Rarely,3,1,5156,4,Y,Yes,9,3,1,80,1,9,3,4,5,4,0,3,0
241,Travel_Rarely,3,1,4385,4,Y,Yes,16,3,3,80,1,20,3,3,2,2,2,2,0
242,Travel_Rarely,3,4,2575,0,Y,No,12,3,1,80,0,4,2,4,3,1,0,2,0
243,Travel_Rarely,2,4,1135,1,Y,No,20,4,3,80,0,1,3,2,1,0,1,0,1
244,Travel_Rarely,2,1,10767,1,Y,No,23,4,3,80,3,25,2,3,24,13,15,7,0
245,Travel_Rarely,3,4,2357,1,Y,No,10,3,3,80,0,2,3,3,2,2,2,1,0
246,Travel_Rarely,3,4,4047,8,Y,Yes,21,4,3,80,1,7,0,3,4,2,0,2,0
247,Travel_Rarely,4,2,2380,2,Y,No,13,3,4,80,0,9,3,3,3,2,1,2,0
248,Travel_Rarely,2,2,3234,1,Y,Yes,20,4,4,80,0,4,5,2,4,3,0,2,1
249,Travel_Rarely,3,3,3801,2,Y,No,13,3,4,80,1,5,2,2,3,2,0,2,0
250,Travel_Rarely,4,1,4584,1,Y,No,9,3,3,80,2,5,3,3,4,2,1,3,0
252,Travel_Rarely,4,2,2839,1,Y,No,11,3,4,80,1,8,5,3,8,7,1,6,0
253,Travel_Rarely,4,3,19604,1,Y,No,12,3,2,80,1,22,2,3,20,8,9,9,1
254,Travel_Rarely,3,2,19284,8,Y,No,9,3,4,80,0,37,3,3,24,15,2,15,1
256,Travel_Frequently,4,3,9833,1,Y,No,15,3,3,80,0,10,2,2,10,9,1,9,0
258,Travel_Rarely,4,2,14146,3,Y,No,16,3,3,80,0,22,6,3,7,7,1,0,1
259,Travel_Rarely,3,3,20599,0,Y,No,12,3,1,80,1,35,5,3,33,18,11,9,1
260,Travel_Rarely,4,2,2347,1,Y,No,14,3,4,80,0,7,2,2,7,7,0,3,0
261,Travel_Rarely,2,3,6093,3,Y,Yes,11,3,1,80,0,8,1,3,1,0,0,1,1
262,Non-Travel,4,4,2152,4,Y,No,12,3,4,80,3,7,3,4,5,4,2,2,0
264,Non-Travel,1,4,17296,9,Y,No,21,4,4,80,1,23,1,3,20,8,11,8,1
267,Travel_Rarely,2,1,3671,1,Y,Yes,10,3,1,80,1,8,3,2,8,7,1,7,0
269,Travel_Frequently,2,2,4558,5,Y,No,9,3,4,80,0,10,5,3,6,2,1,2,0
270,Non-Travel,3,3,5423,2,Y,No,14,3,2,80,1,12,5,3,5,3,0,2,0
271,Travel_Rarely,4,3,6750,9,Y,No,12,3,2,80,0,15,3,3,1,0,0,0,0
273,Travel_Rarely,4,4,6449,3,Y,No,16,3,1,80,1,9,3,1,7,7,1,7,0
274,Travel_Frequently,3,1,4427,5,Y,No,17,3,3,80,1,6,1,3,2,2,2,0,0
275,Non-Travel,4,4,7008,1,Y,Yes,13,3,1,80,2,7,0,3,7,7,1,7,0
277,Travel_Frequently,4,3,3929,1,Y,Yes,15,3,4,80,1,5,4,4,5,3,2,0,0
281,Travel_Rarely,3,4,2823,8,Y,Yes,13,3,3,80,1,16,2,4,7,2,3,7,0
282,Travel_Rarely,2,1,6873,7,Y,Yes,17,3,2,80,0,18,2,3,1,0,0,0,1
283,Travel_Rarely,2,4,7868,1,Y,No,20,4,4,80,3,10,3,2,10,4,1,9,1
284,Travel_Rarely,4,2,2398,1,Y,Yes,14,3,1,80,1,4,2,2,4,2,2,2,0
286,Travel_Frequently,2,4,2218,1,Y,No,11,3,1,80,0,8,2,3,8,1,1,7,0
287,Non-Travel,4,4,5022,9,Y,No,12,3,4,80,1,5,5,1,3,2,0,2,0
288,Travel_Rarely,4,1,9678,7,Y,No,14,3,3,80,1,18,3,3,4,2,0,3,0
291,Travel_Rarely,4,4,10712,1,Y,No,9,3,3,80,0,15,2,2,14,8,9,8,1
292,Non-Travel,3,3,8728,1,Y,No,20,4,3,80,0,13,2,3,11,8,5,8,0
293,Travel_Frequently,4,3,10280,1,Y,No,12,3,4,80,0,7,2,3,7,7,0,7,0
296,Travel_Rarely,2,2,12865,5,Y,No,14,3,4,80,2,17,5,1,10,9,4,7,0
297,Travel_Rarely,4,1,2737,5,Y,Yes,9,3,3,80,0,8,5,3,5,2,0,4,1
298,Travel_Rarely,4,4,13999,3,Y,Yes,16,3,3,80,0,17,3,3,1,0,0,0,1
299,Travel_Frequently,3,1,6897,5,Y,No,13,3,3,80,0,9,5,2,6,3,0,1,1
300,Travel_Rarely,3,3,2120,0,Y,No,12,3,4,80,0,7,1,2,6,2,1,5,1
302,Non-Travel,4,4,9131,6,Y,No,10,3,4,80,0,24,2,3,19,7,12,8,0
303,Travel_Rarely,4,1,6118,2,Y,No,12,3,4,80,1,17,4,3,6,2,0,5,0
304,Travel_Rarely,4,2,6091,8,Y,No,14,3,4,80,0,17,3,4,13,11,3,7,0
305,Travel_Rarely,3,2,2701,6,Y,No,19,4,4,80,0,7,3,3,3,2,1,1,0
306,Travel_Frequently,2,4,12551,1,Y,Yes,12,3,3,80,3,10,1,3,10,8,0,7,0
307,Travel_Rarely,1,3,10927,0,Y,No,10,3,3,80,2,18,6,2,16,10,5,13,0
308,Non-Travel,3,3,4475,0,Y,No,10,3,4,80,1,6,2,3,5,4,1,4,0
309,Travel_Rarely,3,4,2242,3,Y,No,15,3,1,80,1,7,6,3,1,0,0,0,0
311,Travel_Frequently,1,4,2877,4,Y,No,15,3,3,80,1,14,2,3,9,8,5,8,0
312,Travel_Frequently,2,4,8156,1,Y,No,12,3,4,80,1,12,5,3,11,10,4,1,0
314,Travel_Frequently,3,3,9053,1,Y,No,12,3,1,80,0,10,3,4,10,7,0,8,0
315,Travel_Rarely,3,4,2461,1,Y,Yes,11,3,3,80,0,4,3,2,4,3,0,1,1
316,Travel_Rarely,3,4,3308,7,Y,No,13,3,2,80,0,6,3,2,2,2,2,2,0
319,Travel_Rarely,3,4,19809,1,Y,No,9,3,4,80,0,23,3,3,22,17,11,15,1
321,Travel_Rarely,2,3,2335,8,Y,No,15,3,4,80,0,7,2,2,2,2,2,2,0
323,Travel_Rarely,4,4,20103,3,Y,No,9,3,3,80,1,33,3,2,7,0,0,6,1
325,Travel_Rarely,3,4,2509,5,Y,Yes,11,3,3,80,1,8,2,1,5,4,0,4,1
327,Travel_Rarely,4,4,16546,5,Y,Yes,20,4,3,80,1,23,3,3,17,13,1,9,1
328,Travel_Rarely,1,1,2788,7,Y,No,18,4,1,80,0,14,3,4,9,7,1,7,1
329,Non-Travel,1,3,19640,1,Y,Yes,16,3,4,80,0,34,2,4,33,7,15,12,1
330,Travel_Rarely,3,2,4049,2,Y,No,9,3,1,80,1,6,5,3,4,3,1,2,0
331,Travel_Rarely,4,3,3842,0,Y,Yes,12,3,4,80,0,4,2,1,3,2,1,2,1
332,Travel_Rarely,3,3,2299,7,Y,No,12,3,3,80,3,7,1,3,3,2,1,2,0
333,Non-Travel,3,4,4599,0,Y,No,16,3,1,80,0,4,2,3,3,2,2,2,0
334,Travel_Rarely,3,1,3164,2,Y,No,14,3,1,80,2,18,2,2,1,0,0,0,0
335,Travel_Rarely,1,4,3419,1,Y,No,15,3,1,80,2,9,3,3,9,8,4,7,0
336,Travel_Rarely,3,4,19778,0,Y,No,9,3,3,80,1,26,2,3,24,0,1,7,1
337,Travel_Frequently,2,3,14085,9,Y,No,10,3,1,80,1,9,3,3,2,2,2,2,1
338,Travel_Rarely,3,4,2998,1,Y,No,11,3,3,80,1,2,2,2,2,2,0,2,0
339,Travel_Rarely,4,1,6136,6,Y,No,11,3,2,80,1,14,3,3,11,9,5,9,0
340,Travel_Rarely,3,1,4038,2,Y,No,12,3,1,80,1,18,2,2,3,1,0,2,0
341,Travel_Frequently,1,3,6627,4,Y,No,15,3,4,80,1,9,1,3,3,2,0,2,0
342,Travel_Frequently,1,3,10349,6,Y,No,9,3,2,80,2,18,5,3,1,0,0,0,1
343,Travel_Frequently,3,3,11266,0,Y,No,23,4,4,80,0,21,1,3,19,6,11,8,0
346,Travel_Rarely,3,4,2410,1,Y,No,17,3,1,80,0,6,1,3,6,5,1,5,0
347,Travel_Rarely,4,1,6741,3,Y,Yes,11,3,3,80,0,10,1,3,3,2,0,2,0
349,Travel_Rarely,4,4,7139,2,Y,No,12,3,4,80,1,10,2,3,3,2,0,2,0
350,Travel_Rarely,1,3,5045,0,Y,No,10,3,4,80,2,5,3,3,4,2,1,2,0
351,Travel_Rarely,4,1,2671,0,Y,Yes,9,3,3,80,1,10,4,3,9,6,7,8,0
352,Travel_Rarely,1,3,20019,0,Y,No,17,3,4,80,1,23,5,3,21,7,3,9,1
353,Travel_Rarely,3,4,2805,1,Y,No,9,3,2,80,0,1,0,2,1,0,0,0,0
355,Travel_Frequently,3,2,3583,0,Y,No,9,3,2,80,0,6,2,4,5,4,1,4,1
359,Travel_Frequently,2,2,2878,1,Y,No,18,4,3,80,0,5,3,1,5,1,0,3,0
361,Non-Travel,4,4,5406,3,Y,No,16,3,4,80,1,14,0,3,8,7,7,5,0
362,Travel_Rarely,4,1,2241,4,Y,No,11,3,4,80,0,9,5,3,6,2,0,4,0
363,Travel_Rarely,3,2,17378,3,Y,Yes,10,3,2,80,1,29,2,2,7,7,7,7,1
364,Travel_Rarely,1,3,3590,2,Y,No,9,3,3,80,0,5,5,1,0,0,0,0,1
366,Travel_Rarely,1,2,6843,2,Y,No,17,3,2,80,2,10,2,3,0,0,0,0,0
367,Travel_Rarely,2,4,5749,0,Y,No,19,4,2,80,1,10,2,3,9,0,7,8,0
369,Non-Travel,2,1,4120,1,Y,No,10,3,4,80,2,6,2,3,6,3,1,5,0
372,Travel_Rarely,3,4,13901,0,Y,Yes,12,3,2,80,0,22,2,3,20,7,4,10,1
373,Travel_Rarely,4,4,3306,0,Y,No,9,3,3,80,1,17,4,3,15,13,10,11,0
374,Travel_Rarely,4,1,19616,0,Y,Yes,12,3,3,80,0,38,2,3,36,10,4,13,1
376,Non-Travel,1,2,12204,1,Y,Yes,10,3,4,80,1,10,2,2,10,7,9,9,1
377,Travel_Rarely,4,4,2132,1,Y,No,21,4,4,80,1,5,3,2,5,2,0,4,0
378,Travel_Rarely,3,4,6697,4,Y,No,12,3,2,80,1,7,5,4,5,4,0,1,0
379,Travel_Rarely,4,3,3327,1,Y,No,15,3,1,80,0,3,4,4,3,2,1,0,0
380,Non-Travel,1,4,14011,2,Y,Yes,16,3,1,80,2,16,2,3,5,2,0,2,1
381,Travel_Rarely,2,2,12356,7,Y,No,16,3,2,80,1,10,6,2,7,7,6,2,0
382,Travel_Rarely,1,1,5773,1,Y,Yes,22,4,3,80,1,8,3,3,8,0,7,7,0
384,Travel_Frequently,3,2,6589,1,Y,No,18,4,1,80,1,6,6,1,6,5,1,4,0
385,Travel_Rarely,1,2,19718,3,Y,No,12,3,1,80,2,29,4,2,10,4,1,6,1
386,Travel_Rarely,3,3,18112,3,Y,Yes,14,3,4,80,3,22,5,2,5,3,1,3,1
387,Travel_Rarely,2,3,5054,1,Y,No,23,4,3,80,0,21,3,3,20,16,11,6,0
388,Travel_Frequently,2,4,4691,1,Y,No,16,3,1,80,0,10,3,2,10,7,0,9,0
389,Travel_Rarely,2,4,5577,3,Y,Yes,17,3,4,80,1,13,4,3,10,7,0,8,0
390,Travel_Frequently,1,1,4883,1,Y,Yes,11,3,3,80,1,5,3,3,5,3,3,3,0
391,Travel_Rarely,4,4,2178,1,Y,No,10,3,2,80,0,18,3,3,17,12,5,7,0
392,Travel_Frequently,4,3,3256,3,Y,Yes,20,4,4,80,1,20,0,1,1,0,0,0,1
393,Travel_Rarely,4,4,5917,9,Y,No,12,3,2,80,1,10,2,3,2,2,1,2,0
394,Travel_Rarely,1,2,2444,2,Y,Yes,11,3,4,80,1,5,2,3,3,2,0,2,1
395,Travel_Rarely,4,4,3409,1,Y,No,19,4,4,80,0,5,3,3,5,3,0,2,0
396,Travel_Frequently,3,1,19225,9,Y,Yes,9,3,4,80,0,23,4,3,3,2,1,2,1
397,Travel_Rarely,3,2,4620,4,Y,No,10,3,4,80,0,10,2,3,8,0,7,7,0
399,Travel_Frequently,4,2,2873,1,Y,No,9,3,3,80,1,2,5,2,2,2,2,2,0
401,Travel_Rarely,4,4,6003,1,Y,Yes,10,3,2,80,0,8,0,3,8,7,7,4,1
403,Travel_Frequently,2,4,2396,1,Y,Yes,10,3,3,80,3,4,3,2,4,2,1,2,0
404,Travel_Frequently,3,2,13931,5,Y,No,12,3,4,80,1,24,2,4,20,4,4,8,1
405,Travel_Rarely,3,3,1463,1,Y,No,11,3,3,80,0,0,2,3,0,0,0,0,1
406,Travel_Rarely,3,2,8261,0,Y,No,13,3,3,80,2,13,3,2,11,9,6,9,0
407,Travel_Frequently,3,4,3799,4,Y,No,16,3,4,80,2,4,2,3,1,0,0,0,0
408,Travel_Rarely,4,2,5646,5,Y,No,16,3,4,80,1,14,3,3,4,1,1,2,0
410,Travel_Rarely,4,2,16495,1,Y,No,17,3,2,80,0,23,2,3,22,10,0,4,1
411,Travel_Rarely,4,3,1236,1,Y,No,10,3,1,80,0,0,2,3,0,0,0,0,0
412,Travel_Rarely,2,1,5831,0,Y,No,17,3,3,80,0,9,2,3,8,3,0,7,0
416,Travel_Rarely,2,4,7137,4,Y,No,9,3,2,80,1,10,3,2,8,7,7,7,0
417,Travel_Rarely,3,4,9901,0,Y,No,15,3,1,80,3,20,5,2,18,10,3,7,0
419,Non-Travel,2,2,5844,7,Y,No,13,3,3,80,1,12,3,3,9,8,0,8,0
420,Travel_Rarely,4,3,5649,1,Y,No,12,3,3,80,1,14,3,2,13,8,4,8,0
421,Travel_Rarely,1,2,12423,3,Y,No,15,3,3,80,1,20,2,3,10,8,0,1,0
422,Non-Travel,4,3,5830,2,Y,Yes,11,3,4,80,1,13,2,3,5,3,1,2,0
423,Travel_Rarely,3,4,4966,0,Y,Yes,10,3,3,80,1,6,4,3,5,2,0,3,0
424,Travel_Rarely,1,1,6602,3,Y,No,10,3,4,80,0,9,1,3,2,2,1,0,0
425,Travel_Frequently,1,1,5366,1,Y,No,16,3,1,80,1,25,2,3,24,9,9,11,0
426,Travel_Rarely,3,4,2776,0,Y,Yes,16,3,2,80,1,3,2,1,2,2,2,2,0
428,Travel_Frequently,4,2,12234,6,Y,No,9,3,2,80,2,13,2,3,10,6,8,8,0
429,Travel_Rarely,3,1,17580,1,Y,Yes,12,3,4,80,0,22,3,3,21,9,11,10,1
430,Travel_Frequently,3,4,2529,0,Y,No,17,3,1,80,0,9,5,3,8,7,1,7,0
431,Travel_Rarely,3,3,14383,7,Y,Yes,10,3,4,80,0,26,2,3,7,1,0,7,1
433,Travel_Rarely,3,2,5089,2,Y,No,13,3,1,80,0,12,3,2,8,2,7,7,1
434,Travel_Rarely,3,2,2552,1,Y,Yes,10,3,2,80,0,4,2,2,4,3,1,2,0
436,Travel_Rarely,3,2,5385,1,Y,Yes,9,3,4,80,0,14,2,3,13,12,11,9,0
437,Travel_Rarely,4,3,4612,1,Y,Yes,9,3,1,80,0,5,3,3,5,4,0,4,0
438,Travel_Rarely,4,4,7773,4,Y,No,10,3,4,80,3,14,3,3,7,7,1,7,0
439,Travel_Rarely,1,4,5207,7,Y,No,14,3,3,80,0,10,0,2,7,7,0,7,0
440,Travel_Rarely,1,4,3568,5,Y,Yes,11,3,4,80,0,5,4,2,3,2,2,2,1
441,Travel_Rarely,4,4,5948,1,Y,No,11,3,4,80,2,12,2,3,10,8,1,9,0
442,Travel_Frequently,3,3,9211,1,Y,No,22,4,1,80,1,10,2,3,10,9,8,9,0
444,Travel_Frequently,3,4,19850,1,Y,No,13,3,1,80,1,22,2,3,21,9,13,3,1
445,Travel_Rarely,4,3,5395,4,Y,Yes,16,3,1,80,0,13,3,2,1,0,0,0,1
446,Travel_Frequently,2,4,4822,3,Y,No,12,3,3,80,0,9,6,2,7,7,0,1,0
447,Travel_Rarely,4,3,18849,4,Y,No,9,3,2,80,1,22,2,3,3,2,1,1,1
448,Travel_Frequently,3,3,5415,1,Y,No,9,3,2,80,1,9,3,4,9,7,0,0,0
449,Non-Travel,3,2,6539,0,Y,Yes,11,3,4,80,1,6,0,3,5,4,1,4,0
450,Travel_Frequently,4,3,5015,3,Y,No,10,3,4,80,0,21,4,2,4,3,0,3,0
451,Travel_Rarely,3,1,10285,8,Y,No,14,3,1,80,1,10,1,2,1,0,0,0,0
452,Travel_Rarely,4,4,3808,9,Y,No,12,3,1,80,2,13,3,3,10,9,9,8,0
453,Travel_Rarely,2,4,7681,2,Y,Yes,20,4,3,80,3,6,2,2,4,3,0,2,0
454,Travel_Rarely,2,1,2183,1,Y,Yes,9,3,4,80,0,7,4,2,7,7,0,7,1
455,Travel_Rarely,2,4,4102,0,Y,No,15,3,3,80,0,4,2,3,3,2,2,2,0
456,Travel_Rarely,4,3,6302,1,Y,No,11,3,3,80,3,10,2,3,10,9,1,2,0
458,Travel_Rarely,2,2,6400,1,Y,No,16,3,1,80,1,8,3,3,8,7,0,7,0
460,Travel_Rarely,4,4,6537,7,Y,No,14,3,3,80,2,8,2,2,6,2,0,4,0
461,Travel_Rarely,3,4,11855,0,Y,Yes,12,3,2,80,1,13,3,3,11,10,2,9,0
462,Travel_Rarely,3,4,7357,1,Y,Yes,12,3,3,80,0,12,2,2,11,9,4,10,0
463,Travel_Rarely,4,2,8516,1,Y,Yes,12,3,1,80,2,7,2,3,7,7,1,7,0
464,Travel_Rarely,3,2,8338,0,Y,No,11,3,4,80,0,18,5,3,16,6,0,13,0
465,Travel_Rarely,3,4,2991,1,Y,No,10,3,3,80,2,4,2,2,4,2,0,2,0
466,Travel_Rarely,4,2,6213,6,Y,Yes,13,3,4,80,0,8,3,3,5,4,1,2,0
467,Travel_Frequently,2,3,3065,3,Y,No,17,3,1,80,0,5,3,3,0,0,0,0,0
468,Travel_Rarely,1,4,16472,2,Y,No,12,3,2,80,0,17,2,3,1,0,0,0,1
469,Non-Travel,4,3,4788,1,Y,No,12,3,1,80,1,4,3,2,4,3,0,2,0
470,Travel_Rarely,3,3,2777,0,Y,Yes,9,3,3,80,1,4,5,3,3,2,1,0,0
471,Travel_Rarely,3,2,2441,1,Y,No,11,3,3,80,1,8,4,3,8,0,0,7,0
473,Travel_Rarely,1,3,12879,3,Y,No,19,4,2,80,1,16,3,1,0,0,0,0,0
474,Travel_Rarely,3,1,6153,4,Y,Yes,11,3,1,80,2,14,2,3,7,7,6,7,0
475,Non-Travel,4,3,4878,7,Y,Yes,10,3,2,80,1,4,2,4,2,2,2,2,0
476,Travel_Rarely,3,3,5455,1,Y,No,15,3,2,80,1,8,3,3,8,7,7,7,0
477,Travel_Rarely,1,4,6984,3,Y,No,21,4,2,80,0,15,6,3,1,0,0,0,0
478,Travel_Frequently,1,2,2239,1,Y,Yes,9,3,3,80,0,3,3,3,3,2,1,2,1
479,Non-Travel,4,4,6853,4,Y,No,13,3,2,80,0,7,6,3,1,0,0,0,0
481,Travel_Frequently,1,4,9990,4,Y,No,9,3,1,80,1,17,2,3,13,9,1,12,0
482,Travel_Rarely,4,3,6958,2,Y,No,9,3,3,80,0,16,2,3,3,2,1,2,0
483,Travel_Rarely,4,3,2279,3,Y,Yes,11,3,3,80,1,10,3,3,7,7,1,7,0
484,Non-Travel,1,4,2688,1,Y,No,22,4,3,80,0,3,3,2,3,2,2,2,0
485,Travel_Rarely,4,3,2937,1,Y,Yes,11,3,2,80,0,1,2,3,1,0,0,0,1
486,Travel_Rarely,3,1,3556,6,Y,No,18,4,2,80,1,18,3,3,5,4,0,3,0
487,Non-Travel,3,3,5416,2,Y,No,12,3,3,80,0,7,2,4,1,0,0,0,0
488,Travel_Frequently,1,2,9636,1,Y,No,16,3,3,80,0,8,5,3,8,7,7,7,1
491,Travel_Rarely,4,4,10811,6,Y,No,13,3,4,80,0,21,2,3,4,3,1,3,0
492,Travel_Rarely,3,3,6571,2,Y,Yes,10,3,1,80,2,8,6,3,6,4,1,0,1
493,Travel_Rarely,3,2,2737,0,Y,Yes,14,3,4,80,0,3,5,3,2,2,2,2,0
494,Travel_Rarely,3,2,2797,1,Y,No,13,3,4,80,0,1,0,3,1,0,0,0,1
495,Travel_Rarely,4,4,2267,9,Y,No,14,3,4,80,0,6,4,3,3,2,1,2,0
496,Travel_Rarely,3,2,6736,9,Y,No,17,3,3,80,0,10,5,3,1,1,0,0,0
497,Travel_Rarely,4,2,3930,1,Y,No,9,3,2,80,1,5,2,3,5,2,0,4,0
498,Travel_Rarely,2,4,5411,1,Y,No,14,3,4,80,0,7,1,3,7,5,0,7,0
499,Travel_Rarely,2,3,11294,8,Y,No,22,4,3,80,0,27,2,3,5,2,0,0,0
500,Travel_Rarely,3,4,5084,4,Y,No,9,3,3,80,1,19,2,2,7,7,0,7,0
501,Travel_Rarely,4,3,2619,4,Y,No,11,3,2,80,1,6,3,3,2,2,2,2,0
502,Non-Travel,1,4,5463,8,Y,Yes,11,3,2,80,0,9,3,2,5,2,0,4,1
505,Travel_Rarely,3,4,17159,2,Y,Yes,11,3,3,80,0,31,2,3,5,4,1,2,1
507,Travel_Rarely,4,3,4388,1,Y,Yes,10,3,4,80,1,5,2,4,5,2,0,3,0
508,Travel_Rarely,3,2,2550,1,Y,No,16,3,1,80,1,1,3,3,1,0,0,0,0
510,Travel_Frequently,3,1,3195,0,Y,No,20,4,3,80,0,7,2,3,6,4,0,4,1
511,Travel_Rarely,1,2,2311,1,Y,No,11,3,4,80,1,2,1,3,2,1,1,2,0
513,Travel_Rarely,2,3,7824,1,Y,No,11,3,2,80,2,10,2,3,10,9,9,0,0
514,Travel_Frequently,3,4,2354,9,Y,Yes,21,4,3,80,0,3,4,3,1,0,0,0,1
515,Travel_Rarely,4,1,3125,1,Y,No,10,3,3,80,1,19,2,2,18,7,12,17,0
516,Travel_Rarely,4,2,5886,7,Y,No,10,3,3,80,2,8,5,3,5,4,1,3,0
517,Travel_Rarely,2,1,2653,3,Y,No,14,3,2,80,1,8,5,3,5,2,1,2,0
518,Travel_Rarely,3,2,4323,2,Y,Yes,10,3,4,80,0,19,2,2,1,0,0,1,0
520,Travel_Rarely,1,2,14766,1,Y,No,9,3,3,80,1,26,3,3,25,10,3,9,1
521,Travel_Rarely,2,3,3551,6,Y,No,20,4,2,80,1,21,3,3,1,0,0,0,0
522,Travel_Rarely,1,1,19988,4,Y,No,9,3,3,80,1,25,4,2,4,2,1,2,1
523,Non-Travel,3,3,6734,9,Y,No,13,3,1,80,1,6,3,3,3,2,1,2,0
524,Travel_Rarely,2,1,4435,1,Y,No,10,3,2,80,1,14,5,1,13,10,3,12,0
525,Travel_Frequently,4,4,2326,7,Y,No,18,4,1,80,1,8,1,3,3,2,1,2,0
526,Travel_Rarely,3,3,4658,4,Y,Yes,12,3,4,80,0,8,3,3,5,2,0,2,0
527,Travel_Rarely,2,4,4622,1,Y,Yes,9,3,2,80,0,5,3,3,5,4,1,3,0
529,Non-Travel,2,3,4582,3,Y,Yes,13,3,1,80,2,16,2,3,13,11,10,7,0
530,Travel_Rarely,4,1,2285,1,Y,No,10,3,3,80,1,4,3,3,4,2,3,2,0
531,Travel_Frequently,2,3,19773,1,Y,Yes,12,3,3,80,1,22,3,3,21,8,1,6,1
532,Travel_Frequently,3,1,13608,9,Y,No,9,3,4,80,3,37,0,2,7,7,7,7,0
533,Travel_Rarely,2,3,6774,0,Y,No,9,3,2,80,0,6,6,3,5,4,4,4,0
534,Travel_Rarely,2,1,8644,1,Y,No,14,3,3,80,1,10,2,3,10,7,0,7,0
536,Travel_Rarely,3,1,4695,1,Y,No,10,3,4,80,1,10,2,3,10,0,1,8,0
538,Travel_Rarely,1,1,4152,5,Y,No,11,3,3,80,1,6,5,3,2,2,0,2,1
543,Travel_Rarely,4,3,8208,2,Y,Yes,12,3,3,80,0,29,4,3,5,4,0,4,0
544,Travel_Rarely,1,4,2734,3,Y,No,19,4,4,80,2,8,3,2,2,2,0,2,0
546,Travel_Rarely,4,4,17052,2,Y,No,11,3,4,80,0,32,2,1,5,2,1,4,1
547,Travel_Frequently,1,3,4693,2,Y,No,9,3,2,80,1,20,3,3,5,4,0,2,0
548,Travel_Rarely,3,4,6274,2,Y,No,18,4,3,80,0,12,2,3,5,4,0,2,0
549,Travel_Rarely,1,1,20153,5,Y,No,9,3,4,80,0,34,5,1,29,8,11,10,1
550,Travel_Rarely,3,3,4954,2,Y,No,12,3,3,80,1,20,5,2,10,7,0,8,0
551,Travel_Frequently,4,4,4659,0,Y,No,9,3,4,80,3,7,4,4,6,5,0,4,0
554,Travel_Rarely,1,2,3298,1,Y,Yes,14,3,2,80,0,6,4,3,5,3,1,4,1
555,Travel_Frequently,4,3,2422,0,Y,No,14,3,4,80,1,3,3,2,2,2,1,0,1
556,Travel_Frequently,4,4,1753,1,Y,Yes,21,4,3,80,1,1,3,3,1,0,0,0,0
558,Travel_Rarely,3,3,18582,0,Y,No,12,3,4,80,0,22,2,3,20,15,1,12,1
560,Travel_Rarely,1,4,2973,1,Y,No,20,4,2,80,2,3,3,1,3,2,0,2,0
562,Non-Travel,3,4,2160,4,Y,No,13,3,3,80,1,9,3,1,5,3,1,4,0
564,Travel_Rarely,2,3,12293,1,Y,No,16,3,3,80,0,10,2,3,10,2,0,7,0
565,Travel_Rarely,3,2,2622,5,Y,No,14,3,2,80,0,6,2,4,2,2,1,1,1
566,Travel_Rarely,1,4,2641,1,Y,No,10,3,3,80,0,1,3,4,1,0,0,0,1
567,Non-Travel,3,1,8664,0,Y,No,9,3,3,80,0,10,3,3,9,8,7,8,0
568,Travel_Rarely,1,4,14542,3,Y,No,10,3,3,80,1,33,3,2,1,0,0,0,1
569,Travel_Rarely,2,3,17557,0,Y,No,13,3,2,80,1,29,2,3,27,10,15,7,1
571,Non-Travel,3,4,2641,0,Y,No,12,3,3,80,0,13,2,2,11,7,6,7,0
573,Travel_Frequently,3,1,10574,4,Y,No,17,3,4,80,0,23,5,4,18,13,13,11,0
574,Travel_Rarely,1,4,5222,5,Y,No,11,3,3,80,3,21,2,3,5,0,0,4,0
575,Travel_Rarely,1,3,18397,6,Y,No,11,3,3,80,0,27,2,1,3,2,0,1,1
577,Travel_Rarely,4,3,4357,0,Y,No,13,3,3,80,0,6,2,3,5,4,4,3,0
578,Travel_Rarely,3,3,3893,7,Y,No,9,3,3,80,0,20,3,3,1,0,0,0,0
579,Travel_Rarely,4,3,2851,3,Y,No,10,3,3,80,1,15,3,3,7,3,5,7,0
580,Travel_Rarely,3,4,9343,2,Y,Yes,17,3,3,80,1,16,3,3,3,2,1,2,0
581,Travel_Rarely,3,2,10967,1,Y,No,23,4,4,80,1,14,6,4,13,8,0,8,0
582,Travel_Rarely,2,3,14018,7,Y,Yes,10,3,4,80,0,16,2,4,7,6,7,7,1
584,Travel_Rarely,1,4,3510,7,Y,No,11,3,1,80,3,8,2,3,4,3,1,3,1
585,Travel_Rarely,4,2,3072,0,Y,No,12,3,1,80,0,4,3,3,3,2,1,2,0
586,Travel_Rarely,4,3,7861,4,Y,Yes,10,3,3,80,0,10,2,3,8,7,0,0,0
587,Travel_Frequently,1,3,10119,3,Y,No,10,3,1,80,0,13,2,3,1,0,0,0,1
590,Travel_Frequently,2,1,10249,9,Y,Yes,13,3,3,80,3,12,2,3,3,2,0,2,1
591,Travel_Frequently,2,3,2156,4,Y,No,15,3,4,80,1,8,4,3,2,2,2,0,0
592,Non-Travel,2,4,10279,1,Y,No,12,3,4,80,0,10,3,2,10,3,9,7,0
593,Travel_Frequently,3,3,4011,5,Y,No,14,3,3,80,0,4,3,3,2,2,1,2,1
595,Travel_Rarely,2,4,4173,2,Y,No,12,3,1,80,1,15,2,3,9,7,6,7,0
597,Travel_Rarely,1,2,17340,3,Y,No,21,4,4,80,0,38,2,3,10,9,7,7,1
599,Non-Travel,4,4,6417,7,Y,No,12,3,4,80,0,17,3,3,14,3,1,10,0
600,Travel_Rarely,2,3,4859,9,Y,No,9,3,3,80,0,16,2,3,11,9,6,9,0
601,Travel_Rarely,2,3,13634,7,Y,No,13,3,3,80,0,23,3,3,20,6,5,13,0
602,Travel_Frequently,3,3,3868,1,Y,No,9,3,1,80,1,8,3,3,8,3,0,7,0
604,Travel_Rarely,2,4,6779,4,Y,Yes,11,3,3,80,0,10,2,4,6,5,0,5,0
605,Travel_Rarely,4,1,7628,1,Y,Yes,19,4,4,80,1,10,5,2,10,9,5,8,0
606,Travel_Rarely,4,2,4949,0,Y,No,17,3,2,80,1,9,3,4,8,7,3,7,0
608,Travel_Frequently,2,3,2823,0,Y,Yes,9,3,2,80,1,8,2,2,7,7,1,0,1
611,Travel_Rarely,4,4,4390,4,Y,No,10,3,2,80,2,8,2,4,3,2,1,2,0
612,Travel_Rarely,1,3,16670,4,Y,No,17,3,3,80,1,10,2,3,6,1,0,5,1
613,Travel_Rarely,3,4,11904,9,Y,No,19,4,3,80,1,10,3,2,5,4,0,1,0
614,Travel_Frequently,2,2,1934,1,Y,Yes,12,3,4,80,0,0,3,3,0,0,0,0,1
615,Non-Travel,3,1,11260,3,Y,No,13,3,3,80,1,21,2,3,1,0,0,1,0
616,Non-Travel,1,3,7015,2,Y,Yes,15,3,1,80,0,10,3,3,8,7,0,7,0
618,Travel_Rarely,1,3,4435,5,Y,No,10,3,1,80,2,8,5,3,0,0,0,0,0
620,Travel_Rarely,1,3,5005,1,Y,No,14,3,4,80,0,5,3,3,5,4,0,3,0
621,Travel_Rarely,4,4,5497,1,Y,No,10,3,4,80,0,10,3,3,10,7,5,7,0
622,Travel_Rarely,3,4,2410,1,Y,Yes,16,3,2,80,0,1,3,1,1,0,0,0,1
623,Travel_Rarely,2,4,7716,4,Y,No,15,3,4,80,0,13,3,4,6,5,1,2,0
624,Travel_Frequently,1,3,10843,5,Y,No,9,3,4,80,0,29,3,2,2,2,1,2,0
625,Travel_Rarely,2,1,17093,7,Y,No,14,3,2,80,1,23,2,3,18,16,11,8,1
626,Non-Travel,1,2,9099,1,Y,No,11,3,4,80,1,9,6,3,9,5,7,7,0
630,Travel_Rarely,4,1,5744,3,Y,Yes,10,3,2,80,2,19,3,3,10,9,6,9,0
631,Non-Travel,4,3,4848,8,Y,No,10,3,4,80,0,6,2,3,4,2,1,2,1
632,Travel_Frequently,4,4,2472,0,Y,No,11,3,3,80,2,3,3,3,2,2,2,1,0
634,Travel_Rarely,3,3,10119,3,Y,No,17,3,3,80,1,19,4,3,1,0,0,0,0
635,Travel_Rarely,2,2,6640,6,Y,No,10,3,2,80,1,8,2,2,6,5,4,3,0
638,Travel_Rarely,4,3,20087,1,Y,Yes,15,3,3,80,1,32,5,3,31,9,0,9,1
639,Travel_Rarely,2,4,2807,1,Y,Yes,9,3,2,80,2,6,3,3,6,5,1,4,0
641,Travel_Rarely,1,2,6460,1,Y,No,18,4,4,80,2,6,5,4,5,3,1,4,0
643,Travel_Rarely,4,2,2191,1,Y,No,19,4,4,80,1,1,2,3,1,0,0,0,0
644,Travel_Frequently,1,2,18746,1,Y,No,9,3,3,80,1,33,2,3,32,5,10,7,1
645,Travel_Rarely,2,3,2159,1,Y,No,9,3,3,80,0,7,1,3,7,4,0,6,0
647,Travel_Frequently,1,3,2973,1,Y,Yes,14,3,4,80,1,6,4,3,6,3,1,2,1
648,Travel_Frequently,2,1,2094,1,Y,No,16,3,3,80,1,1,2,4,1,0,0,0,1
649,Travel_Rarely,2,4,3731,1,Y,Yes,11,3,4,80,1,6,3,3,6,5,1,3,0
650,Travel_Rarely,2,1,4360,2,Y,No,15,3,3,80,0,9,2,1,3,1,1,2,1
652,Travel_Rarely,1,4,3791,4,Y,No,12,3,4,80,0,9,3,3,3,2,0,2,0
653,Travel_Rarely,1,4,5624,4,Y,No,20,4,4,80,2,14,4,4,7,7,5,7,0
655,Travel_Rarely,1,3,2253,0,Y,No,10,3,3,80,2,6,5,2,5,3,0,3,0
656,Travel_Rarely,4,3,9890,4,Y,Yes,9,3,3,80,1,18,3,2,3,0,1,0,0
657,Travel_Rarely,4,2,2921,1,Y,No,11,3,4,80,0,1,0,4,1,0,0,0,0
659,Travel_Rarely,3,4,4212,1,Y,No,11,3,2,80,2,10,4,3,10,2,2,2,0
661,Travel_Rarely,2,4,17126,4,Y,Yes,12,3,3,80,1,22,3,2,1,0,0,0,1
662,Travel_Rarely,3,1,2698,3,Y,No,15,3,4,80,0,8,3,2,0,0,0,0,0
663,Travel_Frequently,4,3,5849,3,Y,Yes,11,3,2,80,1,10,3,3,8,7,4,7,0
664,Travel_Rarely,4,1,15864,7,Y,No,9,3,1,80,1,22,3,1,3,2,0,2,1
665,Travel_Rarely,1,3,6165,4,Y,No,9,3,2,80,0,10,1,4,2,2,0,2,0
666,Travel_Rarely,3,3,2656,1,Y,Yes,16,3,4,80,2,8,3,3,8,2,0,6,0
667,Travel_Rarely,3,1,3132,0,Y,No,9,3,2,80,1,5,3,3,4,3,0,2,1
669,Travel_Rarely,3,3,3550,1,Y,No,9,3,3,80,0,3,2,3,3,2,1,2,0
671,Travel_Rarely,4,4,20098,4,Y,Yes,10,3,1,80,1,27,2,4,2,2,0,1,1
675,Travel_Rarely,1,3,2856,0,Y,No,18,4,4,80,0,3,3,3,2,2,2,2,0
677,Travel_Rarely,3,3,7317,0,Y,No,10,3,4,80,0,6,3,3,5,0,1,2,0
679,Travel_Rarely,1,4,6512,1,Y,Yes,10,3,4,80,1,6,2,2,6,4,0,5,0
680,Travel_Frequently,3,3,2145,1,Y,No,18,4,3,80,1,1,2,3,1,0,0,0,0
682,Travel_Rarely,4,1,8632,7,Y,No,18,4,4,80,0,19,2,4,14,7,8,10,0
683,Travel_Rarely,2,4,2772,1,Y,No,10,3,4,80,1,10,4,2,10,9,8,8,0
684,Travel_Frequently,1,1,4415,2,Y,No,12,3,4,80,2,5,4,3,1,1,0,0,1
686,Travel_Rarely,3,4,2739,1,Y,Yes,11,3,3,80,1,3,2,3,3,2,0,2,0
689,Travel_Rarely,3,3,9717,1,Y,No,13,3,3,80,1,10,2,3,10,7,7,8,0
690,Travel_Rarely,2,3,5728,1,Y,No,12,3,1,80,1,6,5,2,6,0,1,2,0
691,Travel_Rarely,2,4,6845,1,Y,No,11,3,2,80,0,18,3,3,17,11,11,8,0
692,Travel_Frequently,3,4,7957,3,Y,No,21,4,3,80,1,16,2,1,13,11,4,7,0
698,Travel_Rarely,3,2,11047,2,Y,No,13,3,3,80,1,17,1,4,9,7,7,1,0
699,Travel_Rarely,2,2,9112,2,Y,Yes,9,3,3,80,1,14,2,3,3,2,0,2,0
700,Travel_Rarely,1,4,2106,0,Y,No,11,3,4,80,0,5,0,3,4,2,1,1,0
701,Travel_Rarely,4,3,1039,1,Y,Yes,9,3,4,80,0,1,5,3,1,0,1,1,1
702,Travel_Frequently,1,1,3448,1,Y,Yes,9,3,1,80,0,10,3,3,10,8,9,7,1
704,Non-Travel,3,3,1319,1,Y,No,16,3,3,80,2,1,3,3,1,0,0,0,0
705,Travel_Rarely,1,1,2904,2,Y,No,14,3,1,80,1,5,3,4,3,2,0,2,0
707,Travel_Rarely,4,2,4997,0,Y,No,20,4,3,80,1,4,4,3,3,2,1,2,0
709,Travel_Rarely,4,4,4149,0,Y,No,18,4,1,80,0,8,2,3,7,7,0,5,0
710,Travel_Frequently,2,4,2802,1,Y,No,16,3,4,80,1,10,5,3,10,7,2,8,0
712,Travel_Rarely,2,2,8364,3,Y,No,10,3,4,80,0,13,3,3,2,2,2,2,0
714,Travel_Frequently,4,4,4786,1,Y,Yes,18,4,2,80,2,6,3,3,6,5,0,4,0
715,Travel_Rarely,4,4,4820,3,Y,No,15,3,1,80,0,4,2,3,1,0,0,0,0
716,Travel_Rarely,4,3,3318,1,Y,Yes,9,3,3,80,3,21,3,3,20,8,3,8,0
717,Travel_Rarely,4,2,8880,1,Y,No,12,3,2,80,0,9,3,4,8,7,7,7,0
720,Travel_Rarely,1,3,4714,9,Y,No,12,3,1,80,0,4,3,3,2,2,2,0,1
721,Travel_Rarely,4,3,4690,1,Y,No,9,3,1,80,0,21,4,3,20,7,11,10,0
722,Travel_Rarely,4,4,5558,1,Y,No,10,3,4,80,0,10,2,2,10,7,0,8,0
723,Travel_Frequently,2,3,7000,3,Y,Yes,12,3,1,80,1,19,4,3,4,3,1,3,1
724,Travel_Rarely,2,4,7854,0,Y,No,11,3,3,80,0,10,4,2,9,7,1,8,0
725,Travel_Rarely,3,1,7634,1,Y,No,9,3,4,80,0,9,3,3,9,7,0,7,0
727,Travel_Rarely,3,4,11494,3,Y,No,13,3,4,80,0,10,6,3,7,7,7,7,0
728,Travel_Rarely,4,1,5109,2,Y,No,10,3,4,80,0,21,2,3,7,7,1,7,0
729,Travel_Frequently,4,1,10789,5,Y,Yes,19,4,3,80,1,21,2,3,18,13,1,12,0
730,Travel_Rarely,3,3,15258,3,Y,No,17,3,3,80,0,33,3,3,5,1,1,3,1
731,Travel_Rarely,2,4,19715,3,Y,No,13,3,2,80,3,24,2,2,21,6,12,6,1
732,Travel_Rarely,1,1,5567,8,Y,No,12,3,4,80,0,10,1,3,2,2,2,2,0
733,Travel_Frequently,4,1,9057,1,Y,No,19,4,3,80,2,9,4,2,9,7,1,7,0
734,Travel_Rarely,4,3,19765,1,Y,No,10,3,2,80,1,23,3,3,22,7,2,10,1
738,Travel_Rarely,4,2,3991,7,Y,No,13,3,4,80,1,4,2,3,2,2,2,2,0
741,Travel_Rarely,1,2,2282,7,Y,Yes,11,3,4,80,0,10,4,3,7,7,3,7,1
742,Non-Travel,1,1,12064,9,Y,No,12,3,1,80,1,10,2,3,8,7,0,5,0
743,Travel_Rarely,3,3,8097,4,Y,Yes,12,3,4,80,0,10,4,4,1,0,0,0,0
744,Non-Travel,1,3,3819,2,Y,No,12,3,3,80,0,9,5,3,5,2,1,4,0
746,Travel_Frequently,4,3,14183,9,Y,Yes,10,3,4,80,2,29,2,2,22,2,11,13,1
747,Travel_Rarely,3,4,5463,7,Y,No,21,4,4,80,1,10,2,2,8,7,7,7,0
749,Travel_Rarely,3,3,2721,1,Y,No,9,3,3,80,0,1,6,3,1,0,0,0,0
752,Travel_Frequently,3,3,2842,6,Y,Yes,10,3,4,80,0,7,2,3,2,2,2,2,1
754,Travel_Frequently,4,4,7008,3,Y,No,16,3,3,80,1,7,5,3,2,2,2,2,0
757,Travel_Rarely,2,3,6326,3,Y,No,9,3,4,80,0,10,2,3,5,1,4,3,0
758,Travel_Rarely,2,1,2575,1,Y,No,12,3,4,80,1,5,2,4,4,3,0,2,0
760,Travel_Rarely,3,2,6581,9,Y,No,13,3,3,80,1,13,3,1,8,3,3,6,0
762,Travel_Rarely,3,4,11436,7,Y,No,9,3,3,80,0,31,1,2,10,7,1,1,0
763,Travel_Rarely,4,4,2412,0,Y,Yes,18,4,4,80,0,5,2,2,4,2,2,3,0
764,Travel_Rarely,4,1,7015,8,Y,No,17,3,1,80,0,9,2,1,7,6,0,7,0
766,Travel_Rarely,4,2,2366,1,Y,No,12,3,4,80,2,2,2,3,2,2,2,2,0
769,Travel_Rarely,4,4,2524,2,Y,No,15,3,4,80,0,20,4,3,2,2,2,2,0
771,Non-Travel,4,1,5246,2,Y,No,9,3,1,80,1,17,2,4,1,0,0,0,0
772,Travel_Frequently,1,4,5468,1,Y,No,13,3,4,80,2,10,2,3,10,8,4,7,0
773,Travel_Rarely,4,3,3149,6,Y,Yes,11,3,2,80,1,6,0,1,1,0,0,1,0
775,Travel_Rarely,2,1,5275,3,Y,No,12,3,3,80,1,7,3,3,0,0,0,0,0
776,Travel_Rarely,3,1,17362,1,Y,No,9,3,1,80,0,35,3,4,34,6,1,16,1
780,Travel_Rarely,4,4,2767,1,Y,Yes,11,3,3,80,0,10,2,2,10,9,7,8,1
781,Travel_Rarely,3,4,6365,1,Y,No,21,4,2,80,0,6,5,2,6,5,1,4,0
783,Travel_Rarely,2,3,6831,0,Y,No,11,3,1,80,0,9,3,3,8,7,3,1,0
784,Travel_Rarely,1,3,3610,1,Y,No,16,3,4,80,0,2,3,3,2,2,0,2,0
785,Travel_Frequently,2,3,6589,4,Y,Yes,10,3,4,80,0,8,2,3,5,4,1,3,1
786,Travel_Rarely,4,4,6462,1,Y,No,20,4,3,80,0,6,5,3,6,5,1,4,0
787,Travel_Rarely,4,1,20455,5,Y,Yes,11,3,4,80,1,25,2,3,5,2,1,4,1
789,Non-Travel,1,1,7815,1,Y,No,13,3,2,80,0,10,1,3,10,7,0,9,0
791,Non-Travel,4,4,4386,0,Y,No,16,3,1,80,1,5,3,3,4,3,1,2,0
792,Travel_Frequently,1,4,4495,3,Y,No,12,3,1,80,1,5,2,3,2,2,2,0,0
793,Travel_Rarely,2,3,4465,4,Y,No,10,3,1,80,1,12,3,2,8,7,1,1,0
796,Travel_Rarely,4,1,5486,6,Y,No,15,3,3,80,0,6,2,2,4,3,1,2,1
797,Travel_Rarely,2,4,3378,2,Y,No,14,3,3,80,0,10,2,3,4,2,1,3,0
799,Travel_Rarely,4,1,5650,9,Y,Yes,9,3,2,80,2,9,4,3,5,3,1,4,0
800,Travel_Frequently,3,4,4472,0,Y,No,17,3,2,80,1,5,3,3,4,2,1,1,0
802,Travel_Rarely,4,1,2865,0,Y,Yes,11,3,2,80,2,6,3,2,5,3,4,3,0
803,Travel_Frequently,1,1,6159,6,Y,Yes,10,3,4,80,0,18,2,3,15,7,4,12,0
804,Travel_Rarely,3,1,4512,1,Y,No,9,3,3,80,0,6,3,3,6,5,1,3,0
805,Travel_Rarely,1,4,2649,1,Y,No,14,3,2,80,1,3,1,2,3,2,0,2,0
806,Travel_Rarely,4,3,3948,3,Y,No,19,4,3,80,2,7,2,3,2,2,0,2,0
807,Travel_Frequently,3,2,4371,1,Y,No,22,4,4,80,1,8,2,3,8,7,3,7,0
808,Travel_Rarely,3,1,6695,5,Y,No,15,3,2,80,1,6,1,3,3,2,1,2,0
809,Travel_Frequently,2,4,18983,1,Y,No,11,3,2,80,1,25,4,2,24,7,14,9,1
811,Travel_Rarely,3,1,1649,1,Y,Yes,19,4,3,80,2,1,2,3,0,0,0,0,1
812,Non-Travel,3,2,2775,1,Y,No,9,3,3,80,3,1,4,3,1,0,0,0,0
813,Travel_Rarely,4,3,3243,8,Y,No,18,4,2,80,1,9,3,3,5,2,1,4,0
815,Travel_Rarely,3,3,18168,5,Y,No,14,3,4,80,0,31,3,3,4,3,0,3,1
816,Travel_Rarely,2,1,2389,1,Y,Yes,9,3,4,80,1,1,1,3,1,0,0,0,1
817,Travel_Rarely,3,3,12042,0,Y,No,9,3,4,80,0,15,3,4,13,9,3,7,0
819,Travel_Rarely,1,1,5484,5,Y,No,13,3,3,80,0,6,3,3,3,2,0,2,1
820,Travel_Rarely,3,4,17255,1,Y,Yes,9,3,3,80,1,27,3,2,26,14,3,0,1
823,Travel_Rarely,3,2,5385,0,Y,No,13,3,1,80,1,10,2,3,9,7,0,5,0
824,Travel_Rarely,3,3,2781,1,Y,No,22,4,3,80,1,10,3,3,10,7,0,7,0
825,Travel_Rarely,4,2,19823,7,Y,Yes,10,3,4,80,0,41,2,3,31,15,13,8,1
826,Travel_Rarely,4,3,2581,3,Y,No,11,3,3,80,0,7,0,3,2,2,2,2,0
827,Travel_Rarely,4,4,6244,9,Y,Yes,11,3,4,80,1,8,4,3,4,3,0,2,0
828,Travel_Rarely,3,3,4513,6,Y,No,15,3,4,80,0,5,3,2,2,2,2,1,1
829,Travel_Rarely,3,2,2207,4,Y,No,11,3,2,80,1,8,2,3,5,2,0,4,0
830,Travel_Rarely,3,3,6347,1,Y,No,10,3,3,80,1,15,3,3,14,13,6,8,0
832,Travel_Frequently,1,3,5247,6,Y,No,12,3,4,80,0,10,6,3,1,0,0,0,0
833,Travel_Rarely,3,4,7083,5,Y,Yes,22,4,2,80,0,13,4,2,0,0,0,0,0
834,Travel_Rarely,2,3,2342,1,Y,No,12,3,4,80,0,1,3,3,1,0,0,0,0
836,Travel_Rarely,2,2,4567,1,Y,No,11,3,4,80,1,10,3,2,9,8,7,8,0
837,Travel_Frequently,1,1,6477,2,Y,No,13,3,3,80,1,14,3,2,4,3,1,2,0
838,Travel_Frequently,3,4,2630,1,Y,No,14,3,3,80,0,6,3,3,5,2,1,3,0
840,Travel_Rarely,3,4,7884,1,Y,No,16,3,1,80,2,9,3,4,9,8,7,7,1
842,Travel_Rarely,3,4,5315,4,Y,No,14,3,3,80,0,13,3,2,9,7,7,3,1
843,Travel_Rarely,2,1,17674,6,Y,No,22,4,3,80,1,23,3,3,4,1,1,0,1
844,Travel_Rarely,3,4,13192,1,Y,Yes,14,3,2,80,1,9,3,3,9,8,0,8,0
845,Travel_Rarely,3,3,10528,3,Y,No,19,4,2,80,0,18,3,4,8,5,1,6,0
846,Travel_Rarely,2,2,4922,1,Y,Yes,18,4,1,80,0,8,2,3,8,7,7,5,0
847,Travel_Rarely,3,4,3849,0,Y,No,17,3,3,80,1,4,1,1,3,2,0,2,0
848,Travel_Frequently,3,3,2437,1,Y,Yes,12,3,1,80,1,8,2,3,8,7,1,7,1
850,Non-Travel,4,4,1757,1,Y,No,9,3,3,80,3,0,6,2,0,0,0,0,0
851,Travel_Rarely,1,3,16796,2,Y,No,12,3,3,80,1,30,2,2,20,6,4,17,1
852,Travel_Rarely,4,2,6111,9,Y,No,10,3,4,80,0,10,2,2,5,2,2,3,0
854,Travel_Rarely,1,1,3527,7,Y,No,11,3,3,80,0,6,3,2,4,3,0,1,0
855,Travel_Rarely,1,1,4158,1,Y,No,20,4,1,80,1,9,5,3,9,8,0,8,0
856,Travel_Rarely,3,1,2636,1,Y,No,9,3,4,80,0,6,3,2,6,5,1,1,0
857,Travel_Rarely,2,4,6387,1,Y,Yes,12,3,4,80,1,19,1,2,18,14,4,11,0
859,Travel_Rarely,2,4,4535,2,Y,No,9,3,3,80,1,8,3,2,5,2,0,3,0
861,Travel_Frequently,2,4,3874,9,Y,No,10,3,2,80,1,10,3,2,5,4,0,3,0
862,Travel_Rarely,1,4,11262,7,Y,Yes,16,3,4,80,1,36,3,3,5,2,0,4,0
864,Travel_Rarely,4,1,11084,4,Y,Yes,10,3,3,80,1,19,2,3,5,4,0,2,0
865,Travel_Rarely,3,3,5330,5,Y,No,10,3,3,80,1,9,3,2,5,3,1,3,0
867,Travel_Frequently,3,4,14241,3,Y,No,20,4,3,80,0,32,3,3,9,8,0,0,1
868,Travel_Rarely,4,3,6524,4,Y,No,17,3,4,80,2,9,2,3,1,0,0,0,0
869,Travel_Rarely,2,4,5084,1,Y,No,11,3,4,80,1,6,6,3,5,1,0,4,0
872,Travel_Rarely,4,4,4918,6,Y,No,20,4,1,80,2,4,2,1,2,2,2,2,0
874,Travel_Rarely,1,4,2903,2,Y,Yes,22,4,3,80,1,10,2,2,3,2,0,2,0
875,Travel_Frequently,2,4,2590,5,Y,Yes,12,3,4,80,0,8,2,3,2,1,2,2,0
878,Travel_Rarely,1,1,2412,0,Y,No,19,4,3,80,0,6,3,3,5,4,0,3,0
879,Travel_Rarely,3,1,4320,1,Y,Yes,16,3,4,80,0,5,3,3,5,3,0,3,0
880,Travel_Rarely,4,3,11006,1,Y,Yes,18,4,2,80,1,18,2,3,17,14,5,15,0
881,Travel_Frequently,4,2,2083,1,Y,Yes,17,3,1,80,1,10,3,2,10,2,7,8,1
882,Non-Travel,4,4,2383,0,Y,No,10,3,2,80,1,4,2,3,3,0,0,2,0
885,Travel_Rarely,3,1,4384,1,Y,No,10,3,1,80,0,5,1,4,5,2,0,3,0
887,Travel_Rarely,3,1,3687,2,Y,No,14,3,2,80,1,7,2,3,4,2,0,2,0
888,Non-Travel,1,4,3257,0,Y,No,15,3,4,80,0,6,2,2,5,2,3,4,0
889,Travel_Frequently,2,2,6720,1,Y,No,12,3,4,80,1,10,3,3,10,8,5,3,0
893,Travel_Rarely,2,2,2986,0,Y,No,17,3,4,80,1,3,3,3,2,2,1,2,0
894,Travel_Rarely,3,4,5388,2,Y,Yes,11,3,2,80,1,18,1,2,5,3,1,3,0
895,Travel_Rarely,4,4,2427,3,Y,Yes,17,3,2,80,1,8,2,3,6,4,0,2,0
896,Travel_Rarely,2,3,2884,6,Y,Yes,17,3,3,80,3,5,3,3,3,2,0,2,1
897,Travel_Rarely,1,4,12191,5,Y,No,12,3,3,80,1,29,3,3,2,0,2,2,0
899,Travel_Rarely,4,2,11230,3,Y,No,14,3,1,80,0,17,2,3,13,10,4,8,0
900,Travel_Frequently,3,4,3062,5,Y,No,13,3,2,80,1,10,3,3,5,4,0,0,0
901,Travel_Rarely,4,4,14703,6,Y,No,16,3,3,80,0,34,0,3,12,9,3,8,1
902,Travel_Frequently,4,4,5729,4,Y,No,11,3,2,80,1,13,2,2,5,2,2,2,0
903,Travel_Rarely,3,4,4673,0,Y,Yes,20,4,1,80,1,8,2,3,7,6,7,7,0
904,Non-Travel,1,2,7871,1,Y,Yes,11,3,4,80,0,10,2,3,10,0,0,9,0
905,Non-Travel,1,1,18462,1,Y,No,9,3,4,80,1,32,3,3,31,6,14,7,1
909,Travel_Rarely,4,4,5360,8,Y,No,9,3,3,80,2,14,2,3,5,4,0,4,0
910,Travel_Rarely,4,2,2345,3,Y,Yes,9,3,3,80,1,7,4,4,4,3,0,3,0
911,Travel_Rarely,1,4,2879,1,Y,Yes,22,4,3,80,0,1,2,1,1,0,0,1,1
912,Travel_Rarely,1,4,2608,6,Y,No,12,3,3,80,3,8,5,3,4,3,0,3,0
913,Travel_Rarely,2,1,2636,1,Y,Yes,11,3,4,80,0,8,0,3,8,7,7,1,0
916,Travel_Rarely,1,4,5055,1,Y,No,12,3,2,80,0,4,3,3,4,2,0,2,0
918,Travel_Frequently,4,4,2451,9,Y,Yes,12,3,4,80,1,3,3,2,1,0,0,0,1
920,Travel_Rarely,1,2,4908,4,Y,No,19,4,3,80,1,4,2,4,1,0,0,0,0
922,Travel_Rarely,3,3,2105,1,Y,No,11,3,4,80,0,2,3,2,2,2,0,2,1
923,Travel_Rarely,4,4,2774,1,Y,No,17,3,1,80,0,1,3,2,1,0,0,0,1
924,Travel_Rarely,3,4,6784,0,Y,Yes,15,3,1,80,1,18,2,2,16,8,4,11,0
925,Travel_Rarely,4,4,3393,1,Y,Yes,16,3,1,80,0,3,3,2,3,2,1,2,0
926,Travel_Rarely,2,3,4296,0,Y,Yes,17,3,1,80,1,4,3,4,3,2,0,2,1
927,Travel_Rarely,2,4,2861,4,Y,Yes,11,3,3,80,1,10,1,2,7,7,1,0,1
930,Travel_Rarely,3,3,2448,5,Y,No,16,3,2,80,1,6,2,3,2,2,2,2,0
932,Travel_Rarely,4,1,2476,7,Y,Yes,19,4,4,80,0,8,2,1,2,2,2,2,1
933,Travel_Rarely,2,3,2388,1,Y,No,17,3,3,80,0,1,2,3,1,1,0,0,0
934,Travel_Rarely,2,2,2068,1,Y,No,12,3,2,80,2,1,3,3,1,0,1,0,0
936,Travel_Rarely,3,3,6431,7,Y,No,15,3,1,80,0,10,6,3,5,4,0,3,0
939,Travel_Rarely,3,1,2883,3,Y,Yes,9,3,2,80,0,6,1,3,3,2,0,2,0
940,Travel_Rarely,3,2,10869,2,Y,Yes,11,3,4,80,1,25,3,3,6,0,0,4,0
941,Travel_Rarely,2,3,2399,3,Y,No,13,3,2,80,0,14,2,4,7,7,5,2,0
942,Travel_Rarely,4,4,4134,1,Y,Yes,23,4,4,80,1,10,2,1,10,6,0,7,0
944,Travel_Rarely,1,2,7625,4,Y,No,9,3,3,80,1,30,3,2,26,9,1,7,0
945,Travel_Rarely,4,3,2327,4,Y,No,15,3,1,80,2,14,2,2,0,0,0,0,0
947,Non-Travel,4,3,7140,1,Y,No,11,3,4,80,1,9,2,2,9,8,0,0,0
949,Travel_Rarely,2,4,4818,2,Y,No,16,3,3,80,0,8,6,3,6,2,0,1,0
950,Travel_Rarely,4,1,13989,1,Y,No,11,3,2,80,1,16,3,3,15,12,5,11,1
951,Non-Travel,3,2,2402,6,Y,No,18,4,3,80,0,5,3,3,3,0,0,2,0
952,Travel_Rarely,3,2,2485,1,Y,Yes,16,3,3,80,3,1,2,3,1,0,0,0,1
954,Travel_Rarely,1,2,9996,2,Y,No,10,3,2,80,1,12,2,2,1,0,0,0,0
956,Travel_Frequently,3,1,4423,1,Y,No,10,3,2,80,0,7,2,3,7,7,0,7,0
957,Travel_Rarely,4,1,4863,2,Y,Yes,11,3,3,80,0,21,3,3,18,13,2,17,0
958,Travel_Rarely,3,3,2595,4,Y,No,19,4,3,80,0,17,6,3,11,8,3,9,0
959,Travel_Rarely,4,2,2185,1,Y,Yes,11,3,2,80,0,1,3,4,1,0,0,0,1
960,Travel_Rarely,1,1,3062,1,Y,No,17,3,2,80,0,1,2,3,1,0,0,0,1
961,Travel_Rarely,4,4,6031,0,Y,Yes,9,3,3,80,2,10,2,1,9,7,8,5,0
964,Travel_Frequently,4,2,3726,8,Y,Yes,12,3,4,80,1,3,2,3,1,1,0,0,0
966,Travel_Rarely,3,1,6927,1,Y,No,10,3,3,80,1,8,2,4,8,7,6,3,0
967,Travel_Rarely,3,4,10635,1,Y,Yes,9,3,1,80,1,17,6,3,16,7,3,7,1
969,Travel_Rarely,2,4,7157,0,Y,No,12,3,1,80,0,6,3,3,5,0,1,4,0
970,Travel_Rarely,1,3,10927,5,Y,No,9,3,3,80,0,18,2,1,14,1,11,7,1
972,Non-Travel,3,2,4580,1,Y,No,10,3,2,80,0,9,5,2,9,7,0,8,0
974,Travel_Frequently,3,4,2222,1,Y,No,13,3,2,80,1,3,5,3,3,1,0,2,0
975,Travel_Rarely,3,3,4739,1,Y,No,14,3,2,80,0,5,3,3,5,2,1,0,0
976,Travel_Rarely,4,4,17612,2,Y,No,13,3,2,80,1,27,2,2,9,8,7,8,1
977,Travel_Rarely,4,3,2553,4,Y,No,22,4,1,80,0,7,4,3,1,0,0,0,1
981,Travel_Rarely,3,3,15298,6,Y,No,11,3,3,80,1,23,3,4,17,13,15,2,1
982,Travel_Rarely,3,3,7482,5,Y,No,9,3,1,80,1,10,2,4,8,4,7,7,0
983,Non-Travel,3,4,5836,1,Y,Yes,11,3,2,80,0,6,1,3,5,3,1,3,0
984,Travel_Rarely,4,4,8058,6,Y,No,11,3,2,80,1,13,2,3,10,9,0,8,0
985,Travel_Rarely,1,3,8116,0,Y,No,16,3,4,80,0,9,3,3,8,7,0,7,0
986,Non-Travel,2,2,13590,4,Y,Yes,14,3,4,80,0,23,2,2,1,0,0,0,1
987,Travel_Frequently,3,3,5219,1,Y,Yes,17,3,3,80,0,21,3,4,19,10,2,7,0
990,Non-Travel,1,4,5231,4,Y,No,11,3,4,80,2,13,3,3,7,7,0,7,0
991,Non-Travel,3,1,2391,0,Y,Yes,20,4,1,80,0,4,0,3,3,2,1,2,1
992,Non-Travel,4,3,17967,1,Y,No,9,3,4,80,0,10,2,3,10,8,6,0,1
994,Travel_Rarely,4,1,2476,6,Y,Yes,18,4,3,80,0,3,5,3,0,0,0,0,1
995,Travel_Rarely,2,4,3556,3,Y,No,16,3,1,80,0,5,4,3,3,2,0,2,0
996,Travel_Rarely,4,4,2338,3,Y,No,12,3,4,80,2,8,2,3,5,3,0,2,0
997,Travel_Rarely,4,4,17921,9,Y,No,20,4,3,80,1,33,1,2,5,4,1,3,1
998,Travel_Frequently,3,2,5653,1,Y,Yes,11,3,1,80,1,6,2,3,6,5,1,2,0
999,Travel_Frequently,1,3,20002,2,Y,No,15,3,2,80,1,22,2,4,18,16,0,11,1
1001,Travel_Rarely,3,2,2895,9,Y,No,12,3,2,80,1,4,2,3,2,2,2,2,0
1002,Non-Travel,4,1,3742,1,Y,Yes,13,3,3,80,1,9,2,3,9,8,0,8,0
1003,Travel_Rarely,4,4,4288,1,Y,Yes,15,3,3,80,0,9,0,3,9,0,0,7,0
1004,Travel_Rarely,1,3,2196,4,Y,Yes,9,3,2,80,0,7,2,3,5,2,0,1,1
1005,Travel_Rarely,4,3,14392,3,Y,Yes,16,3,4,80,1,23,2,3,12,11,1,5,1
1006,Travel_Frequently,3,3,2765,0,Y,No,15,3,2,80,1,3,0,2,2,1,0,2,0
1007,Travel_Rarely,4,3,11170,6,Y,No,11,3,2,80,1,14,3,3,8,7,0,7,0
1009,Travel_Rarely,4,3,4508,1,Y,No,13,3,2,80,2,5,6,3,4,2,3,2,0
1010,Travel_Rarely,3,2,3855,1,Y,Yes,22,4,4,80,1,5,2,1,4,2,0,2,1
1011,Travel_Frequently,3,1,4272,1,Y,No,10,3,3,80,1,4,1,3,4,3,0,3,0
1012,Non-Travel,2,4,1083,1,Y,No,13,3,4,80,0,0,2,3,0,0,0,0,0
1013,Travel_Rarely,3,3,11061,8,Y,No,9,3,3,80,1,23,2,3,10,7,0,8,0
1014,Travel_Rarely,3,3,10700,1,Y,Yes,9,3,3,80,1,17,3,2,16,10,10,1,0
1015,Travel_Rarely,2,1,11758,0,Y,Yes,10,3,3,80,3,9,4,2,8,7,1,7,0
1016,Travel_Rarely,4,1,2678,1,Y,Yes,13,3,1,80,0,1,2,3,1,0,0,0,1
1017,Travel_Frequently,2,2,2495,0,Y,No,15,3,1,80,0,4,3,3,3,2,1,2,1
1018,Travel_Rarely,4,4,5636,1,Y,No,10,3,2,80,0,8,2,3,8,7,1,3,0
1019,Travel_Rarely,2,1,2525,1,Y,No,13,3,1,80,1,4,3,2,4,3,1,1,0
1022,Travel_Rarely,1,3,4367,2,Y,No,11,3,4,80,0,20,0,3,2,2,2,2,0
1024,Travel_Rarely,3,3,11329,7,Y,No,12,3,2,80,0,28,3,3,15,11,4,8,0
1025,Travel_Rarely,4,3,5153,6,Y,No,12,3,2,80,0,8,6,3,2,2,2,1,0
1026,Travel_Rarely,4,4,13124,1,Y,No,14,3,3,80,1,22,3,3,21,6,11,8,0
1027,Travel_Rarely,1,4,4354,0,Y,No,16,3,2,80,1,4,2,3,3,2,2,2,0
1028,Travel_Rarely,2,4,4035,1,Y,No,18,4,1,80,1,3,4,2,3,2,1,2,0
1029,Travel_Rarely,4,3,18852,6,Y,No,11,3,2,80,0,22,3,4,1,0,0,0,1
1030,Travel_Rarely,1,4,2451,4,Y,No,16,3,2,80,0,8,5,3,1,0,0,0,0
1032,Travel_Rarely,3,4,14138,3,Y,Yes,11,3,1,80,0,31,4,3,5,3,4,3,1
1033,Travel_Rarely,1,2,4920,5,Y,No,13,3,1,80,0,16,2,1,1,0,0,0,1
1034,Travel_Frequently,3,2,6577,3,Y,Yes,12,3,4,80,2,18,3,3,8,7,6,7,0
1035,Non-Travel,2,3,20572,1,Y,No,20,4,2,80,2,22,3,3,21,16,5,10,1
1036,Travel_Rarely,2,4,7067,8,Y,Yes,10,3,3,80,0,20,1,3,1,0,0,0,0
1037,Non-Travel,2,1,5118,8,Y,No,16,3,4,80,0,7,6,3,2,2,2,2,1
1038,Travel_Rarely,1,4,20440,1,Y,No,13,3,4,80,1,34,3,3,32,14,6,9,1
1039,Travel_Rarely,4,4,13720,3,Y,Yes,16,3,3,80,1,24,2,3,12,11,11,11,1
1040,Non-Travel,4,3,6537,0,Y,No,10,3,1,80,1,20,3,3,18,7,0,13,0
1042,Travel_Rarely,3,1,2825,1,Y,No,14,3,3,80,0,19,1,3,17,13,15,14,1
1043,Travel_Frequently,4,1,11206,1,Y,Yes,11,3,3,80,0,22,2,3,21,6,2,8,0
1044,Non-Travel,2,4,2412,0,Y,No,17,3,4,80,0,3,2,2,2,2,2,2,0
1045,Travel_Rarely,4,4,18180,3,Y,No,11,3,2,80,1,27,4,4,9,3,1,1,1
1046,Non-Travel,4,3,4146,9,Y,No,10,3,2,80,0,10,2,3,8,7,7,7,0
1047,Travel_Rarely,2,4,10017,0,Y,No,9,3,4,80,1,17,2,2,15,1,0,9,0
1048,Travel_Rarely,2,4,12261,3,Y,Yes,12,3,3,80,1,15,1,1,6,4,0,4,0
1049,Travel_Rarely,2,2,2242,1,Y,No,14,3,1,80,0,6,3,3,6,3,0,4,0
1050,Travel_Frequently,3,2,7751,2,Y,No,10,3,1,80,1,31,2,3,15,7,6,12,0
1052,Travel_Rarely,1,3,4979,7,Y,No,12,3,2,80,1,9,3,2,1,0,0,0,1
1053,Travel_Frequently,1,1,2103,6,Y,Yes,12,3,2,80,1,6,2,3,3,2,1,2,1
1055,Travel_Rarely,3,3,2287,1,Y,Yes,17,3,4,80,1,1,2,3,1,1,0,0,0
1056,Travel_Rarely,4,2,1084,1,Y,No,20,4,2,80,0,1,5,3,1,0,0,0,0
1060,Travel_Frequently,3,3,2906,3,Y,No,14,3,1,80,1,8,2,3,2,2,2,2,0
1061,Travel_Rarely,2,3,19814,2,Y,Yes,9,3,4,80,1,30,2,2,8,1,7,7,1
1062,Travel_Rarely,4,2,4230,3,Y,No,13,3,1,80,0,8,3,2,4,3,0,1,0
1066,Travel_Rarely,3,1,8648,1,Y,No,12,3,2,80,1,8,3,2,7,7,7,5,0
1068,Travel_Frequently,1,3,2067,1,Y,No,11,3,3,80,2,5,5,3,5,3,1,3,0
1069,Travel_Rarely,4,4,20216,9,Y,No,15,3,4,80,2,24,0,3,2,2,2,2,1
1070,Travel_Rarely,3,3,11007,6,Y,No,9,3,2,80,1,14,4,3,9,4,7,0,0
1071,Travel_Frequently,1,3,3030,2,Y,No,17,3,2,80,1,19,4,3,5,4,0,3,0
1073,Travel_Rarely,4,4,9124,0,Y,No,9,3,2,80,0,16,2,2,14,8,7,8,0
1074,Non-Travel,3,1,17259,7,Y,No,13,3,2,80,0,32,3,4,9,7,6,2,1
1076,Travel_Rarely,3,4,11122,5,Y,No,11,3,3,80,1,19,5,3,1,0,0,0,0
1077,Travel_Frequently,4,4,2393,1,Y,Yes,12,3,2,80,0,2,3,3,2,2,0,2,1
1079,Travel_Rarely,3,1,1458,1,Y,No,11,3,1,80,0,1,6,2,1,0,1,0,1
1080,Travel_Rarely,4,1,4753,8,Y,Yes,21,4,1,80,3,20,2,3,16,13,1,7,0
1081,Travel_Rarely,1,3,2535,9,Y,Yes,10,3,3,80,3,19,2,4,10,0,2,7,1
1082,Non-Travel,2,1,8984,1,Y,No,10,3,1,80,0,10,2,2,10,7,1,9,1
1083,Travel_Rarely,1,1,4074,1,Y,No,14,3,1,80,2,6,2,3,5,3,1,3,0
1084,Travel_Rarely,3,1,10256,0,Y,No,13,3,3,80,1,7,1,2,6,2,0,2,0
1085,Travel_Rarely,2,3,3477,1,Y,No,11,3,3,80,0,10,3,3,10,6,0,8,0
1088,Travel_Rarely,3,3,9088,0,Y,No,16,3,1,80,1,21,4,2,19,9,1,9,0
1092,Travel_Rarely,1,4,10632,4,Y,No,18,4,4,80,1,15,6,3,11,10,11,1,0
1094,Non-Travel,1,3,4760,1,Y,No,17,3,4,80,3,3,4,3,3,2,1,2,0
1096,Travel_Frequently,4,2,11305,3,Y,No,16,3,2,80,1,24,4,3,3,2,1,2,0
1097,Travel_Rarely,3,3,3770,3,Y,No,11,3,4,80,0,10,4,4,8,7,1,7,0
1098,Travel_Rarely,2,1,10796,9,Y,No,12,3,4,80,1,25,1,3,20,6,3,6,1
1099,Travel_Rarely,4,4,7333,4,Y,No,13,3,3,80,1,9,2,3,3,2,1,2,0
1100,Travel_Rarely,4,1,9869,0,Y,Yes,20,4,1,80,0,9,2,3,8,7,4,7,1
1101,Travel_Frequently,1,3,4643,1,Y,No,20,4,2,80,0,15,4,3,13,7,3,8,1
1102,Travel_Rarely,1,3,2273,1,Y,No,14,3,4,80,1,4,5,2,4,2,2,2,0
1103,Travel_Frequently,1,4,7989,0,Y,No,15,3,3,80,0,7,1,2,6,2,0,4,0
1105,Travel_Rarely,4,4,6895,2,Y,Yes,12,3,3,80,3,8,5,3,1,0,0,0,0
1106,Travel_Rarely,4,4,3802,1,Y,Yes,13,3,2,80,1,7,3,4,7,7,5,6,1
1107,Travel_Rarely,1,3,2448,1,Y,No,18,4,3,80,1,1,0,2,1,1,0,0,1
1108,Travel_Rarely,1,2,2382,4,Y,Yes,18,4,2,80,0,5,0,3,2,2,2,2,1
1109,Travel_Rarely,4,1,18195,0,Y,No,15,3,4,80,1,24,3,3,22,6,13,7,1
1111,Travel_Frequently,1,2,2674,1,Y,No,13,3,1,80,2,1,2,3,1,0,0,0,1
1113,Travel_Frequently,4,3,4870,3,Y,Yes,12,3,4,80,0,5,4,3,0,0,0,0,1
1114,Travel_Frequently,4,2,4431,0,Y,No,15,3,3,80,1,4,3,3,3,2,0,2,0
1115,Non-Travel,3,4,3068,3,Y,No,15,3,4,80,3,6,2,3,0,0,0,0,0
1116,Non-Travel,1,4,17392,2,Y,No,20,4,3,80,0,28,3,2,5,4,2,1,1
1117,Non-Travel,2,3,5761,1,Y,No,11,3,4,80,1,16,2,3,15,10,4,12,0
1118,Travel_Rarely,2,2,10758,7,Y,No,17,3,4,80,0,19,4,3,8,6,4,0,0
1119,Travel_Rarely,3,3,9002,0,Y,Yes,12,3,2,80,2,9,2,3,8,7,2,7,0
1120,Travel_Rarely,3,4,2589,4,Y,No,20,4,1,80,1,12,1,3,7,5,1,7,0
1121,Travel_Rarely,4,2,7885,0,Y,No,15,3,2,80,3,10,3,2,9,7,1,7,0
1124,Travel_Rarely,1,3,17989,3,Y,No,10,3,4,80,1,24,3,3,12,9,4,9,1
1125,Travel_Rarely,4,2,7572,7,Y,No,14,3,3,80,0,10,2,3,1,0,0,0,0
1126,Travel_Frequently,3,1,11145,8,Y,No,9,3,3,80,1,19,1,3,8,7,0,1,0
1127,Travel_Frequently,1,4,12534,7,Y,No,9,3,4,80,3,22,4,3,18,7,11,5,1
1128,Travel_Rarely,3,3,20215,1,Y,No,12,3,1,80,0,22,2,4,20,7,4,9,1
1131,Travel_Rarely,4,2,2132,1,Y,Yes,9,3,3,80,0,2,6,4,2,2,2,2,0
1132,Non-Travel,3,2,6985,9,Y,No,13,3,3,80,0,9,2,2,5,4,0,3,0
1133,Non-Travel,1,4,8012,2,Y,No,18,4,1,80,0,19,0,3,11,9,0,9,0
1135,Travel_Frequently,3,4,2875,0,Y,No,10,3,1,80,1,3,4,3,2,2,2,2,0
1136,Travel_Rarely,1,2,3297,0,Y,No,15,3,1,80,0,6,2,1,5,3,0,4,0
1137,Travel_Frequently,4,4,5117,1,Y,No,9,3,4,80,1,5,3,3,5,2,0,2,0
1138,Travel_Rarely,4,2,13514,6,Y,No,15,3,2,80,1,23,3,3,9,8,2,3,0
1140,Travel_Frequently,4,3,4154,2,Y,No,9,3,4,80,0,5,3,2,3,2,0,2,0
1143,Travel_Frequently,4,2,3390,0,Y,No,12,3,4,80,2,8,2,2,7,5,1,1,0
1148,Travel_Rarely,2,4,4400,4,Y,No,17,3,1,80,0,17,3,3,1,0,0,0,0
1150,Travel_Rarely,2,4,5208,1,Y,Yes,13,3,3,80,1,10,2,2,10,7,1,2,0
1152,Travel_Rarely,3,3,2929,1,Y,No,11,3,4,80,1,7,2,4,7,6,5,0,0
1154,Travel_Frequently,3,3,2784,1,Y,Yes,12,3,4,80,1,3,2,3,3,1,0,2,0
1156,Non-Travel,3,3,1961,1,Y,No,10,3,4,80,0,0,0,3,0,0,0,0,1
1157,Travel_Rarely,1,1,8471,0,Y,Yes,15,3,1,80,0,6,3,3,5,2,0,3,1
1158,Travel_Rarely,2,4,4909,3,Y,Yes,9,3,1,80,1,6,4,3,1,0,0,0,0
1160,Travel_Frequently,3,3,2688,1,Y,No,10,3,3,80,1,2,5,2,2,2,2,2,1
1161,Travel_Rarely,3,4,5903,7,Y,No,11,3,3,80,2,9,2,3,6,2,1,3,0
1162,Travel_Rarely,4,3,2615,1,Y,No,11,3,3,80,1,4,0,3,4,2,2,2,0
1163,Travel_Rarely,2,3,5885,1,Y,No,18,4,1,80,0,6,3,2,6,5,1,3,0
1164,Travel_Rarely,3,3,4453,1,Y,No,15,3,2,80,0,6,2,1,5,4,1,4,0
1165,Travel_Rarely,4,1,7556,1,Y,No,11,3,1,80,1,12,3,1,11,8,3,10,1
1166,Travel_Frequently,2,3,13904,9,Y,No,15,3,3,80,0,21,3,2,18,7,2,13,1
1167,Travel_Frequently,3,1,14171,0,Y,Yes,10,3,2,80,0,23,2,2,21,9,13,14,1
1171,Travel_Rarely,2,1,5310,7,Y,No,11,3,4,80,0,9,3,4,6,4,1,5,0
1172,Travel_Rarely,4,3,2326,6,Y,No,10,3,2,80,1,10,2,3,8,0,1,7,0
1173,Travel_Rarely,4,2,3705,8,Y,No,20,4,4,80,0,6,2,3,4,3,1,2,0
1175,Travel_Rarely,3,4,2590,1,Y,Yes,9,3,4,80,0,1,4,2,1,1,0,0,1
1177,Travel_Rarely,1,4,4553,1,Y,No,20,4,2,80,1,8,2,3,8,7,0,7,0
1179,Travel_Rarely,3,3,6775,1,Y,No,16,3,1,80,1,10,3,3,10,3,1,4,0
1180,Travel_Frequently,3,4,4555,3,Y,Yes,11,3,4,80,1,17,3,1,1,1,0,0,0
1182,Travel_Rarely,3,2,10582,2,Y,No,16,3,2,80,1,16,2,4,7,7,6,4,0
1184,Travel_Frequently,4,1,5503,0,Y,No,18,4,3,80,0,15,3,3,13,9,4,9,0
1185,Travel_Frequently,4,4,2447,1,Y,No,11,3,2,80,1,2,2,4,2,2,2,2,0
1188,Travel_Rarely,1,3,5506,8,Y,No,11,3,2,80,0,7,2,2,4,3,1,3,1
1190,Non-Travel,3,1,2912,1,Y,No,10,3,3,80,3,1,3,3,1,0,0,0,0
1191,Travel_Rarely,4,1,20541,4,Y,No,11,3,4,80,1,29,2,3,5,2,4,2,1
1192,Travel_Rarely,2,4,3225,1,Y,No,11,3,1,80,1,10,5,3,10,8,0,8,0
1193,Travel_Rarely,3,1,2629,1,Y,No,23,4,3,80,0,1,4,3,1,1,0,0,0
1195,Travel_Rarely,1,3,4611,4,Y,Yes,17,3,3,80,1,7,2,2,3,2,0,2,0
1196,Travel_Rarely,4,4,6668,1,Y,No,11,3,2,80,1,15,2,2,14,8,3,11,0
1198,Travel_Rarely,1,3,3124,1,Y,No,10,3,1,80,0,2,2,2,2,2,1,2,0
1200,Travel_Rarely,3,3,3024,1,Y,Yes,9,3,3,80,0,6,4,3,6,4,0,2,1
1201,Travel_Rarely,4,3,19164,3,Y,No,16,3,2,80,1,27,6,3,7,7,4,7,1
1202,Travel_Rarely,2,4,2233,0,Y,Yes,16,3,1,80,1,6,2,2,5,4,1,3,0
1203,Travel_Frequently,3,4,2939,0,Y,Yes,9,3,2,80,1,1,5,3,0,0,0,0,1
1204,Travel_Rarely,3,1,17559,8,Y,No,21,4,1,80,0,29,2,3,26,15,15,9,1
1206,Non-Travel,4,3,2359,2,Y,No,11,3,4,80,0,6,3,3,0,0,0,0,0
1207,Travel_Rarely,2,3,3708,1,Y,No,11,3,4,80,1,5,2,3,5,4,1,4,0
1210,Non-Travel,1,1,2170,6,Y,No,15,3,1,80,1,5,2,1,1,0,0,0,1
1211,Travel_Rarely,3,1,4238,8,Y,No,17,3,3,80,3,8,3,3,4,3,0,3,0
1212,Travel_Frequently,2,2,4457,5,Y,No,10,3,4,80,3,5,2,3,0,0,0,0,0
1215,Travel_Frequently,4,1,18392,2,Y,No,20,4,3,80,1,33,3,3,2,2,2,2,1
1216,Travel_Rarely,4,1,3292,1,Y,No,10,3,3,80,3,6,2,3,6,5,3,3,0
1217,Travel_Rarely,4,2,19653,5,Y,No,9,3,1,80,1,26,2,3,4,2,0,3,1
1218,Travel_Rarely,3,1,9235,3,Y,Yes,13,3,4,80,3,16,2,3,7,7,1,7,0
1219,Travel_Rarely,4,2,2276,1,Y,No,11,3,1,80,1,1,3,1,1,0,0,0,1
1220,Travel_Frequently,2,3,4675,1,Y,No,10,3,1,80,1,10,3,2,10,7,0,1,0
1221,Travel_Rarely,3,3,2823,1,Y,No,12,3,3,80,1,7,4,3,7,7,1,7,0
1224,Travel_Rarely,3,3,3596,1,Y,No,11,3,1,80,3,10,4,2,10,7,8,9,0
1225,Travel_Rarely,4,4,4677,1,Y,No,23,4,2,80,0,21,3,3,20,11,13,17,0
1226,Travel_Rarely,3,4,2758,1,Y,No,15,3,4,80,0,2,2,3,2,1,2,2,0
1228,Travel_Rarely,4,4,7600,2,Y,No,9,3,3,80,1,13,3,2,6,3,1,4,0
1231,Non-Travel,4,1,6460,7,Y,No,14,3,1,80,1,10,3,4,4,3,0,3,0
1233,Travel_Rarely,2,4,5377,0,Y,Yes,16,3,2,80,1,13,3,3,11,7,1,9,0
1234,Travel_Frequently,3,2,2825,1,Y,No,18,4,3,80,1,2,2,3,2,2,2,2,0
1235,Travel_Frequently,4,3,5148,4,Y,Yes,12,3,4,80,0,10,2,3,8,7,0,7,0
1237,Travel_Rarely,3,1,10560,2,Y,Yes,19,4,3,80,1,18,2,3,7,7,7,7,0
1238,Travel_Rarely,1,4,2864,0,Y,No,11,3,2,80,1,16,5,3,14,10,4,10,0
1239,Travel_Rarely,2,2,7058,7,Y,No,10,3,2,80,1,7,2,4,5,1,1,3,0
1240,Travel_Rarely,3,4,5099,0,Y,No,12,3,2,80,0,5,4,3,4,3,1,1,0
1241,Travel_Rarely,4,2,3686,0,Y,Yes,19,4,1,80,1,13,2,3,11,9,5,7,0
1242,Travel_Frequently,1,1,13587,3,Y,Yes,15,3,3,80,0,21,6,3,1,0,0,0,0
1243,Non-Travel,3,4,10688,4,Y,Yes,9,3,2,80,1,17,6,2,13,2,4,12,0
1244,Travel_Rarely,1,1,2302,1,Y,Yes,12,3,4,80,2,9,3,2,9,7,6,8,0
1245,Travel_Frequently,4,3,10817,7,Y,No,15,3,1,80,1,34,2,1,5,4,1,4,0
1246,Travel_Rarely,1,4,2071,1,Y,No,11,3,4,80,1,10,5,3,10,5,7,7,0
1248,Non-Travel,1,2,1915,1,Y,Yes,23,4,2,80,0,1,2,4,1,1,0,0,1
1249,Travel_Rarely,1,4,3873,1,Y,No,13,3,1,80,3,3,5,3,3,2,1,2,0
1250,Travel_Rarely,4,4,18312,3,Y,No,12,3,1,80,0,37,2,3,10,9,0,9,1
1251,Travel_Rarely,3,1,7038,1,Y,Yes,10,3,4,80,0,6,2,2,6,5,0,1,0
1252,Travel_Rarely,3,1,7016,1,Y,No,17,3,2,80,0,10,2,3,10,9,1,8,0
1254,Travel_Rarely,3,4,5326,5,Y,No,15,3,4,80,0,14,2,3,6,1,0,5,0
1255,Travel_Rarely,3,4,20332,3,Y,No,12,3,2,80,1,26,2,3,8,7,0,7,1
1256,Travel_Rarely,1,3,19272,2,Y,No,11,3,3,80,1,24,2,4,1,0,0,0,1
1257,Travel_Frequently,3,2,3803,1,Y,No,10,3,3,80,0,13,2,2,11,10,0,7,0
1258,Travel_Rarely,4,2,2636,5,Y,No,9,3,3,80,0,7,4,2,1,0,0,0,0
1259,Travel_Rarely,1,3,2593,1,Y,No,9,3,2,80,3,5,2,3,5,3,0,3,0
1260,Travel_Rarely,3,4,6822,1,Y,Yes,9,3,2,80,2,6,2,3,6,0,1,0,0
1263,Travel_Rarely,4,4,18813,6,Y,No,10,3,3,80,0,26,3,4,1,0,0,0,1
1264,Travel_Rarely,4,4,16608,3,Y,No,12,3,2,80,2,9,2,2,7,7,1,7,1
1265,Travel_Rarely,3,3,2663,0,Y,No,15,3,4,80,0,2,5,2,1,0,0,0,0
1267,Travel_Rarely,2,2,18759,7,Y,No,9,3,3,80,1,27,5,3,22,9,3,10,1
1268,Travel_Rarely,4,3,8631,0,Y,Yes,12,3,4,80,2,10,3,3,9,8,0,8,0
1269,Travel_Rarely,2,4,3084,1,Y,Yes,10,3,4,80,0,1,2,3,1,0,0,1,0
1270,Travel_Rarely,4,3,1260,1,Y,No,20,4,4,80,1,1,2,3,1,0,0,1,0
1273,Travel_Frequently,3,4,1152,1,Y,Yes,12,3,4,80,0,1,4,3,1,0,1,0,1
1275,Travel_Rarely,3,4,2961,1,Y,Yes,18,4,2,80,0,8,2,2,8,5,2,2,0
1277,Travel_Rarely,1,2,19389,2,Y,Yes,14,3,1,80,0,27,2,3,24,10,1,11,1
1278,Non-Travel,4,2,13984,1,Y,Yes,13,3,4,80,1,35,3,3,33,9,15,0,1
1279,Travel_Frequently,1,3,2704,1,Y,No,18,4,3,80,0,2,2,1,2,2,2,2,1
1280,Travel_Rarely,4,2,19353,2,Y,No,12,3,3,80,1,27,2,3,11,4,0,8,1
1281,Travel_Rarely,3,1,4674,0,Y,Yes,10,3,4,80,0,4,3,3,3,2,0,2,0
1282,Travel_Frequently,4,2,20442,4,Y,Yes,22,4,1,80,1,32,5,2,29,10,11,10,1
1283,Travel_Rarely,4,4,10827,6,Y,No,10,3,4,80,0,26,6,2,9,7,5,4,0
1285,Travel_Frequently,3,2,4577,4,Y,No,11,3,3,80,2,16,2,4,11,8,5,10,0
1286,Travel_Frequently,4,3,2219,0,Y,Yes,9,3,3,80,0,5,2,2,4,2,0,2,0
1288,Travel_Rarely,3,1,19766,1,Y,No,12,3,4,80,2,27,4,2,25,9,14,13,1
1289,Travel_Frequently,3,2,4625,4,Y,No,9,3,4,80,2,15,5,4,10,9,1,8,0
1291,Travel_Rarely,3,3,3611,0,Y,Yes,12,3,4,80,0,4,3,3,3,2,2,2,0
1292,Travel_Rarely,2,2,2443,6,Y,Yes,14,3,4,80,0,19,2,3,1,0,0,0,0
1293,Travel_Rarely,4,4,10538,3,Y,No,12,3,4,80,0,24,3,4,21,7,15,17,0
1294,Travel_Rarely,3,2,5572,9,Y,Yes,9,3,4,80,0,19,2,3,16,14,5,12,0
1295,Travel_Rarely,1,4,8217,1,Y,No,9,3,4,80,1,10,2,3,10,7,0,5,1
1296,Travel_Frequently,4,4,3983,1,Y,Yes,10,3,2,80,1,2,2,3,2,2,2,2,0
1297,Travel_Frequently,2,3,2923,0,Y,No,12,3,2,80,0,8,6,2,7,0,7,7,0
1298,Non-Travel,3,3,4836,7,Y,Yes,16,3,3,80,0,10,3,3,8,4,1,7,0
1299,Travel_Rarely,2,3,3439,3,Y,Yes,11,3,1,80,2,10,2,3,7,7,7,7,1
1301,Travel_Rarely,4,1,2142,2,Y,No,9,3,2,80,0,5,2,2,3,2,1,2,0
1303,Travel_Rarely,4,2,2159,1,Y,No,16,3,4,80,0,2,3,2,2,2,2,1,0
1304,Travel_Rarely,3,4,6395,1,Y,No,13,3,3,80,2,10,4,4,10,7,0,8,0
1306,Travel_Frequently,2,2,18603,3,Y,No,20,4,3,80,0,23,4,3,0,0,0,0,1
1307,Travel_Rarely,3,2,17637,6,Y,Yes,11,3,4,80,2,22,4,3,19,9,15,2,1
1308,Travel_Rarely,1,3,2443,1,Y,No,10,3,4,80,2,2,3,3,2,2,2,2,0
1309,Travel_Rarely,4,3,5029,1,Y,No,16,3,1,80,1,10,3,3,10,4,1,1,1
1310,Travel_Rarely,3,1,4021,0,Y,No,11,3,1,80,0,6,2,3,5,2,0,3,1
1311,Travel_Rarely,1,4,4766,0,Y,No,10,3,1,80,1,10,6,3,9,2,6,7,0
1312,Travel_Rarely,4,3,7307,3,Y,No,10,3,1,80,0,10,0,3,7,7,1,7,0
1314,Travel_Rarely,4,1,3526,6,Y,No,10,3,3,80,0,10,3,4,7,6,5,7,0
1315,Non-Travel,3,4,6874,0,Y,No,9,3,1,80,3,10,6,3,9,8,7,5,0
1317,Travel_Rarely,4,1,17386,4,Y,Yes,9,3,2,80,0,26,2,3,3,2,1,2,1
1318,Travel_Rarely,4,2,9367,2,Y,Yes,10,3,3,80,0,9,2,3,5,4,1,0,1
1319,Travel_Rarely,2,2,8699,9,Y,Yes,17,3,3,80,0,10,2,2,8,7,7,7,1
1321,Travel_Rarely,2,1,12273,1,Y,Yes,21,4,4,80,2,9,2,3,9,1,0,8,0
1322,Travel_Rarely,1,3,4670,0,Y,No,9,3,1,80,0,9,6,3,8,7,1,7,0
1324,Non-Travel,4,3,10148,1,Y,Yes,17,3,1,80,1,10,5,2,10,8,9,6,0
1329,Non-Travel,3,2,6336,1,Y,No,11,3,1,80,0,20,4,3,19,2,11,9,0
1331,Travel_Frequently,4,2,2371,1,Y,Yes,9,3,1,80,0,3,2,4,3,2,2,2,1
1333,Travel_Rarely,1,1,2433,4,Y,No,10,3,3,80,0,10,4,4,3,2,1,2,1
1334,Non-Travel,3,3,18397,0,Y,Yes,11,3,4,80,0,22,3,2,20,8,2,10,1
1336,Travel_Rarely,4,3,19763,4,Y,No,12,3,4,80,1,24,5,3,19,9,9,11,1
1338,Travel_Rarely,4,2,20309,6,Y,No,12,3,1,80,0,37,4,3,7,3,7,7,1
1340,Non-Travel,3,3,3650,9,Y,No,14,3,2,80,1,6,0,3,4,2,0,0,0
1344,Travel_Rarely,4,4,8755,0,Y,No,9,3,4,80,1,10,0,2,9,7,1,6,0
1346,Travel_Rarely,3,4,4801,1,Y,No,11,3,3,80,0,9,4,3,9,8,8,8,0
1349,Travel_Frequently,3,1,4226,0,Y,No,15,3,4,80,1,10,2,3,9,3,1,7,0
1350,Travel_Frequently,3,3,4376,1,Y,Yes,9,3,2,80,0,9,3,3,9,6,1,1,0
1352,Travel_Rarely,3,2,14447,1,Y,Yes,9,3,2,80,1,34,2,3,33,9,0,10,1
1355,Travel_Rarely,2,1,7100,3,Y,No,13,3,4,80,1,12,3,3,7,7,1,7,0
1356,Travel_Rarely,3,1,6309,1,Y,No,10,3,4,80,0,10,6,4,10,8,9,6,0
1358,Travel_Rarely,4,4,3779,3,Y,No,9,3,3,80,3,7,6,2,3,2,1,2,0
1360,Travel_Rarely,3,1,10308,7,Y,Yes,12,3,4,80,0,32,0,2,10,9,5,9,1
1361,Travel_Rarely,2,2,2459,3,Y,No,20,4,3,80,1,7,3,3,4,2,0,3,0
1362,Travel_Frequently,1,1,4778,2,Y,No,14,3,4,80,1,18,2,2,15,7,6,13,0
1363,Travel_Rarely,4,4,8135,1,Y,No,9,3,3,80,0,12,2,3,10,9,0,8,0
1364,Travel_Rarely,3,4,2610,8,Y,No,12,3,2,80,1,5,4,3,1,0,0,0,0
1367,Travel_Rarely,4,2,13536,3,Y,No,14,3,2,80,0,30,1,2,5,2,0,3,0
1368,Non-Travel,4,4,1659,1,Y,No,13,3,3,80,0,0,5,4,0,0,0,0,0
1369,Travel_Rarely,4,4,5524,0,Y,No,10,3,2,80,1,10,0,3,9,7,0,0,0
1371,Travel_Frequently,4,4,5223,3,Y,No,18,4,2,80,0,8,3,3,6,2,0,0,0
1372,Travel_Rarely,1,3,14106,6,Y,Yes,15,3,3,80,0,25,2,2,19,7,3,8,1
1373,Travel_Rarely,4,2,13804,4,Y,Yes,10,3,1,80,1,34,0,3,19,16,15,9,1
1374,Non-Travel,1,3,2090,1,Y,No,18,4,3,80,3,5,2,3,5,4,0,0,0
1375,Travel_Rarely,2,3,6568,5,Y,No,18,4,2,80,3,16,0,3,12,11,11,8,0
1377,Travel_Rarely,2,3,5592,4,Y,No,11,3,1,80,2,10,1,3,8,7,7,7,0
1379,Travel_Frequently,3,4,2869,7,Y,No,12,3,3,80,0,3,3,4,1,0,0,0,1
1380,Travel_Frequently,4,3,4752,0,Y,Yes,16,3,3,80,1,5,0,2,4,2,3,2,1
1382,Travel_Frequently,4,3,2688,1,Y,No,9,3,4,80,3,4,2,3,4,2,0,3,0
1383,Travel_Rarely,3,4,6888,1,Y,No,9,3,4,80,0,15,2,4,14,11,4,11,0
1387,Travel_Rarely,3,1,4866,1,Y,No,9,3,3,80,1,5,0,3,5,3,0,4,0
1389,Travel_Rarely,4,3,6364,1,Y,Yes,13,3,4,80,2,10,3,2,10,2,6,7,1
1390,Travel_Rarely,1,4,6304,3,Y,Yes,10,3,4,80,2,8,2,4,5,4,1,4,0
1391,Travel_Frequently,2,2,10914,2,Y,No,9,3,2,80,0,15,5,3,4,2,3,2,0
1392,Travel_Frequently,4,4,5631,3,Y,Yes,12,3,1,80,2,13,4,2,6,2,3,3,0
1394,Travel_Rarely,3,3,3086,7,Y,Yes,13,3,4,80,0,8,2,3,6,4,1,3,0
1395,Travel_Frequently,2,4,10298,6,Y,No,11,3,1,80,0,8,2,4,5,4,1,2,0
1396,Travel_Rarely,3,2,4200,0,Y,Yes,11,3,1,80,3,4,3,2,3,2,1,2,0
1397,Non-Travel,3,3,11248,3,Y,No,19,4,2,80,1,14,2,3,6,4,0,5,0
1399,Travel_Rarely,1,3,6419,2,Y,No,9,3,2,80,0,6,3,2,3,2,1,2,0
1401,Travel_Frequently,4,3,13644,2,Y,Yes,9,3,2,80,1,25,3,2,5,3,0,2,0
1402,Travel_Rarely,1,3,4203,1,Y,Yes,12,3,1,80,0,21,3,1,20,7,1,8,0
1403,Travel_Rarely,4,4,5942,1,Y,Yes,9,3,4,80,0,6,3,3,6,2,4,4,0
1405,Travel_Rarely,4,3,2466,1,Y,Yes,11,3,4,80,0,8,2,3,8,2,7,7,1
1407,Travel_Rarely,1,4,4021,0,Y,No,10,3,4,80,0,5,2,3,4,3,1,1,0
1408,Travel_Rarely,3,1,17303,0,Y,No,12,3,3,80,1,22,5,3,20,7,0,9,1
1409,Travel_Rarely,3,1,3039,9,Y,No,11,3,3,80,0,13,2,1,5,4,0,4,0
1411,Travel_Rarely,1,3,3738,4,Y,No,16,3,1,80,0,8,6,3,3,2,0,2,0
1412,Travel_Frequently,3,4,9643,2,Y,No,9,3,3,80,0,10,2,3,2,2,2,2,0
1415,Travel_Rarely,1,4,3326,4,Y,No,9,3,2,80,1,7,2,2,3,2,0,2,0
1417,Travel_Rarely,3,1,3685,0,Y,No,10,3,4,80,0,8,2,3,7,7,0,7,0
1419,Travel_Rarely,2,1,8228,1,Y,No,11,3,1,80,0,10,3,2,10,9,0,9,0
1420,Travel_Frequently,1,1,4413,3,Y,No,18,4,1,80,0,21,2,3,4,3,1,3,1
1421,Travel_Frequently,3,4,7780,0,Y,Yes,10,3,1,80,0,9,1,3,8,7,7,7,1
1422,Travel_Rarely,4,4,17848,6,Y,No,17,3,4,80,0,30,3,2,20,7,12,7,1
1423,Travel_Rarely,4,1,20292,3,Y,Yes,19,4,3,80,1,33,3,3,9,8,1,5,1
1424,Travel_Rarely,2,4,15174,2,Y,No,11,3,4,80,2,32,4,4,7,7,0,0,1
1425,Travel_Rarely,1,2,9556,3,Y,Yes,14,3,4,80,0,16,3,3,5,4,0,1,0
1427,Travel_Frequently,2,3,1400,1,Y,No,10,3,2,80,0,1,3,3,1,0,0,0,1
1428,Travel_Rarely,4,1,4922,7,Y,No,12,3,2,80,2,8,3,3,3,2,0,2,0
1430,Travel_Rarely,1,2,16915,3,Y,No,9,3,3,80,0,9,3,4,3,2,1,0,1
1431,Travel_Frequently,4,1,3086,5,Y,No,12,3,3,80,2,10,2,3,4,3,1,3,0
1433,Travel_Rarely,1,2,1299,1,Y,No,10,3,3,80,0,1,3,4,1,0,0,0,1
1434,Travel_Rarely,2,1,2162,0,Y,No,12,3,2,80,0,6,3,4,5,0,1,4,0
1435,Travel_Rarely,1,4,5984,1,Y,No,14,3,3,80,0,10,2,2,10,4,1,8,0
1436,Travel_Rarely,3,1,5816,4,Y,No,11,3,1,80,2,12,3,2,3,2,0,2,0
1438,Travel_Rarely,1,4,3523,7,Y,No,10,3,3,80,1,18,2,2,6,5,1,2,0
1439,Travel_Rarely,1,1,4532,3,Y,No,10,3,1,80,0,6,2,3,3,2,2,2,1
1440,Non-Travel,3,3,3605,0,Y,No,12,3,1,80,0,7,2,1,6,5,1,3,0
1441,Travel_Rarely,1,1,2128,2,Y,No,20,4,4,80,1,5,3,4,3,2,1,0,0
1443,Travel_Rarely,1,3,17684,3,Y,No,17,3,2,80,2,27,2,4,20,17,5,6,1
1445,Travel_Rarely,4,3,4287,1,Y,Yes,10,3,3,80,2,5,3,3,5,4,0,3,0
1446,Travel_Rarely,4,4,9480,4,Y,No,10,3,3,80,1,7,3,2,4,3,0,3,0
1447,Travel_Rarely,4,2,3393,5,Y,No,15,3,1,80,1,7,2,2,5,4,0,2,0
1448,Travel_Rarely,2,3,2191,2,Y,Yes,10,3,1,80,0,7,5,2,4,2,0,3,0
1449,Non-Travel,3,3,4094,3,Y,No,9,3,3,80,2,12,2,4,8,7,0,7,0
1453,Travel_Rarely,1,4,11117,1,Y,No,16,3,1,80,1,14,5,3,13,7,9,9,0
1457,Travel_Rarely,1,4,10399,4,Y,No,9,3,1,80,1,29,1,4,7,7,4,3,1
1458,Non-Travel,1,1,3755,2,Y,Yes,21,4,2,80,0,12,2,4,1,0,0,0,1
1459,Travel_Frequently,3,2,7669,1,Y,No,9,3,1,80,0,10,2,3,10,8,4,7,1
1460,Travel_Rarely,2,1,11177,2,Y,Yes,16,3,2,80,1,25,2,3,7,7,0,7,0
1461,Travel_Rarely,4,2,2172,9,Y,No,16,3,4,80,0,8,3,3,3,2,0,2,0
1464,Travel_Frequently,2,4,3834,6,Y,Yes,11,3,3,80,1,7,2,1,2,2,2,2,1
1465,Travel_Rarely,2,4,9661,4,Y,Yes,16,3,4,80,2,10,4,4,3,1,1,2,0
1466,Travel_Rarely,3,1,5651,4,Y,No,9,3,1,80,3,16,3,3,2,2,2,2,0
1467,Travel_Rarely,1,3,2824,1,Y,No,13,3,4,80,0,2,0,3,2,2,2,2,1
1468,Non-Travel,4,2,14170,2,Y,No,9,3,3,80,1,17,5,3,9,8,4,8,1
1469,Travel_Rarely,4,1,8717,0,Y,No,16,3,4,80,0,6,4,3,5,4,1,3,0
1471,Non-Travel,3,3,3257,3,Y,No,12,3,4,80,0,7,5,3,5,2,0,3,0
1472,Travel_Rarely,4,2,17096,4,Y,No,10,3,2,80,0,36,2,2,9,8,8,8,1
1473,Travel_Rarely,1,3,6851,2,Y,No,12,3,2,80,1,21,0,2,3,2,1,2,0
1474,Travel_Rarely,3,3,2415,2,Y,No,12,3,3,80,1,8,3,4,3,1,1,2,0
1475,Travel_Rarely,4,2,3523,1,Y,No,11,3,3,80,0,6,3,2,5,2,1,3,0
1477,Travel_Frequently,4,1,4504,0,Y,No,12,3,1,80,2,5,2,3,4,3,0,3,0
1478,Travel_Rarely,4,1,4902,3,Y,No,16,3,4,80,0,16,2,3,13,9,3,12,0
1479,Travel_Rarely,4,3,5460,8,Y,No,13,3,3,80,2,4,2,2,2,1,2,2,0
1480,Travel_Frequently,1,4,3783,1,Y,No,11,3,3,80,0,13,3,3,12,9,5,8,0
1481,Travel_Frequently,1,3,4911,7,Y,No,10,3,3,80,1,12,4,2,1,0,0,0,0
1482,Non-Travel,3,3,1312,1,Y,No,11,3,2,80,2,1,2,2,1,0,0,0,0
1483,Travel_Rarely,2,3,5047,0,Y,No,22,4,1,80,1,14,2,2,12,9,2,8,0
1484,Travel_Rarely,3,2,10780,3,Y,No,12,3,2,80,2,30,3,3,8,7,0,7,0
1485,Travel_Frequently,2,1,17517,7,Y,No,12,3,4,80,2,17,3,2,14,8,6,9,1
1486,Travel_Frequently,1,3,2996,3,Y,No,13,3,4,80,1,5,3,4,3,2,1,2,1
1487,Travel_Frequently,1,2,5938,5,Y,No,9,3,1,80,0,7,4,1,5,3,0,0,1
1489,Travel_Rarely,1,2,4737,0,Y,Yes,21,4,3,80,0,17,2,4,15,9,10,10,1
1492,Travel_Rarely,4,3,2476,1,Y,No,11,3,1,80,1,1,3,3,1,0,0,0,0
1494,Travel_Frequently,2,1,3267,2,Y,Yes,9,3,3,80,0,4,2,2,0,0,0,0,1
1495,Non-Travel,4,2,2094,1,Y,No,11,3,3,80,1,1,2,3,1,0,0,0,0
1496,Travel_Frequently,2,3,10515,5,Y,Yes,16,3,2,80,0,17,2,2,2,2,2,2,0
1497,Travel_Rarely,3,3,8879,1,Y,No,12,3,3,80,2,10,3,3,10,7,0,4,0
1499,Travel_Rarely,3,3,2126,0,Y,No,19,4,1,80,1,6,3,4,5,3,1,3,0
1501,Travel_Rarely,4,3,4156,0,Y,Yes,14,3,2,80,0,4,2,3,3,2,1,2,0
1502,Travel_Rarely,1,2,3953,8,Y,No,9,3,4,80,0,8,5,3,5,4,0,2,0
1503,Travel_Rarely,3,3,4729,3,Y,Yes,15,3,3,80,1,12,4,2,5,4,1,2,0
1504,Travel_Frequently,3,1,2638,7,Y,No,9,3,3,80,0,8,2,2,0,0,0,0,1
1506,Travel_Rarely,1,3,1610,1,Y,No,12,3,4,80,1,1,2,1,1,0,0,0,0
1507,Travel_Frequently,3,1,5045,0,Y,No,12,3,4,80,0,5,5,3,4,2,1,3,0
1509,Travel_Rarely,3,1,4933,4,Y,No,23,4,1,80,1,10,3,3,3,2,1,2,0
1513,Travel_Frequently,4,2,3275,0,Y,No,11,3,3,80,3,4,3,3,3,2,0,2,0
1514,Travel_Rarely,3,2,6745,1,Y,No,12,3,2,80,2,8,2,2,8,6,1,7,0
1515,Travel_Rarely,4,3,6580,2,Y,Yes,15,3,1,80,0,15,6,3,0,0,0,0,0
1516,Travel_Rarely,3,4,11581,2,Y,No,23,4,2,80,0,10,5,4,5,2,0,0,0
1520,Travel_Frequently,2,4,16513,3,Y,No,18,4,1,80,1,27,2,3,14,9,1,12,1
1522,Travel_Rarely,1,1,2433,6,Y,No,11,3,3,80,0,12,2,1,9,7,0,7,1
1523,Travel_Rarely,4,1,16818,3,Y,No,11,3,3,80,1,25,1,4,20,6,14,17,1
1525,Travel_Rarely,2,2,8627,4,Y,No,16,3,4,80,0,9,3,3,2,0,2,2,0
1527,Travel_Rarely,3,2,17104,8,Y,No,10,3,4,80,1,24,2,4,13,12,5,1,1
1529,Travel_Rarely,4,2,8864,1,Y,No,17,3,4,80,0,12,3,1,11,8,3,3,0
1533,Travel_Rarely,1,3,2340,0,Y,No,12,3,2,80,0,5,2,3,4,3,1,2,0
1534,Travel_Rarely,4,1,2079,3,Y,No,12,3,2,80,0,16,3,1,5,4,1,0,1
1535,Travel_Rarely,4,3,7295,1,Y,Yes,12,3,4,80,0,10,3,3,10,9,8,6,0
1537,Travel_Frequently,4,3,4207,1,Y,No,10,3,1,80,0,7,2,1,7,2,7,7,1
1539,Travel_Frequently,3,4,14843,1,Y,Yes,11,3,4,80,0,33,2,3,32,6,13,9,1
1541,Travel_Rarely,2,3,2377,0,Y,Yes,23,4,2,80,1,13,4,3,11,10,5,7,0
1542,Travel_Rarely,3,2,4986,4,Y,No,12,3,2,80,1,4,3,3,1,0,0,0,0
1543,Travel_Rarely,1,4,4414,1,Y,No,15,3,1,80,0,10,2,3,10,8,3,7,0
1544,Travel_Rarely,3,1,10006,3,Y,No,11,3,3,80,1,9,3,3,7,7,0,7,0
1545,Travel_Rarely,4,2,4450,1,Y,No,11,3,4,80,0,5,2,3,5,3,0,2,0
1546,Travel_Rarely,4,4,2196,4,Y,No,18,4,4,80,1,8,3,3,5,4,0,3,0
1547,Travel_Frequently,4,4,10428,2,Y,Yes,12,3,3,80,1,25,3,1,20,8,13,9,0
1548,Travel_Rarely,1,1,5637,0,Y,No,10,3,4,80,0,9,5,4,8,4,7,1,0
1549,Travel_Rarely,2,3,5363,1,Y,Yes,10,3,2,80,1,16,3,3,15,14,5,7,0
1550,Travel_Rarely,3,4,16930,1,Y,Yes,19,4,4,80,0,22,2,3,21,7,7,7,1
1551,Travel_Rarely,3,1,2365,0,Y,No,12,3,2,80,3,2,3,3,1,1,0,0,0
1552,Non-Travel,4,4,4191,3,Y,Yes,16,3,3,80,0,8,2,3,2,2,2,2,0
1553,Travel_Rarely,1,2,7664,1,Y,No,10,3,1,80,3,10,4,3,10,8,7,7,0
1554,Travel_Rarely,2,3,2503,0,Y,No,21,4,1,80,2,6,5,3,5,3,4,2,0
1555,Travel_Rarely,4,2,6054,3,Y,No,10,3,1,80,1,13,2,3,7,1,2,5,0
1556,Travel_Rarely,3,4,2723,3,Y,Yes,19,4,4,80,0,7,3,2,3,2,1,2,0
1557,Travel_Rarely,3,3,6632,8,Y,No,12,3,3,80,1,19,2,3,8,7,7,7,0
1558,Travel_Rarely,3,3,2525,6,Y,No,16,3,1,80,2,5,2,2,1,0,0,0,0
1560,Travel_Rarely,1,1,6584,2,Y,No,11,3,4,80,1,8,6,1,2,2,2,2,0
1562,Travel_Rarely,2,1,10005,1,Y,No,9,3,4,80,1,10,4,3,10,8,6,7,1
1563,Travel_Frequently,3,3,6259,3,Y,No,9,3,3,80,0,10,2,3,6,3,1,2,0
1564,Travel_Rarely,4,1,2524,1,Y,No,17,3,2,80,0,3,3,3,3,0,1,2,0
1568,Travel_Rarely,3,2,9528,3,Y,No,10,3,2,80,1,9,3,3,4,2,1,3,0
1569,Travel_Rarely,1,1,2136,1,Y,Yes,10,3,4,80,1,1,2,3,1,0,0,0,1
1572,Travel_Rarely,3,4,10474,0,Y,No,14,3,2,80,1,35,4,3,33,7,1,9,1
1573,Travel_Rarely,3,2,5001,4,Y,No,9,3,1,80,2,7,2,3,5,2,1,4,1
1574,Non-Travel,4,1,4210,4,Y,No,12,3,2,80,1,9,3,2,6,5,1,2,0
1576,Travel_Rarely,3,1,2438,8,Y,No,10,3,4,80,1,10,3,2,8,2,7,6,0
1577,Travel_Rarely,1,4,3061,1,Y,No,11,3,3,80,0,1,4,1,1,0,0,0,0
1578,Travel_Rarely,3,4,20174,1,Y,No,19,4,3,80,1,37,3,3,36,6,2,13,1
1580,Travel_Rarely,2,4,5649,9,Y,No,15,3,2,80,1,9,3,2,2,2,2,1,0
1581,Travel_Rarely,1,4,2123,1,Y,No,19,4,1,80,0,1,5,3,1,0,0,0,0
1582,Travel_Rarely,3,2,10222,0,Y,No,9,3,4,80,1,10,3,3,9,8,7,7,0
1583,Travel_Rarely,2,2,4324,2,Y,No,10,3,2,80,0,8,5,4,3,2,1,2,0
1585,Travel_Rarely,2,3,7019,6,Y,No,11,3,1,80,0,16,5,3,1,0,0,0,0
1586,Travel_Rarely,2,1,4865,1,Y,Yes,16,3,4,80,0,10,3,3,10,9,1,5,0
1587,Travel_Rarely,1,3,6326,3,Y,Yes,14,3,3,80,0,10,4,3,5,2,0,4,0
1588,Travel_Rarely,4,3,8484,2,Y,No,9,3,1,80,1,12,3,3,7,6,7,6,0
1590,Travel_Frequently,1,4,9119,1,Y,No,17,3,4,80,1,6,0,4,6,4,1,3,0
1591,Travel_Rarely,3,3,19911,4,Y,Yes,14,3,3,80,1,28,2,3,1,0,0,0,1
1592,Travel_Rarely,4,3,2135,2,Y,No,14,3,4,80,1,4,2,3,2,2,2,2,0
1594,Travel_Frequently,1,1,5729,3,Y,Yes,11,3,4,80,1,9,3,3,3,2,0,2,0
1595,Travel_Rarely,4,4,20201,8,Y,No,20,4,4,80,0,25,2,3,1,0,0,1,1
1596,Travel_Rarely,2,3,3509,1,Y,No,15,3,4,80,2,10,3,2,10,9,6,8,0
1597,Travel_Frequently,4,3,5215,1,Y,No,12,3,2,80,1,8,3,2,8,2,7,7,0
1598,Travel_Rarely,4,1,4778,1,Y,No,13,3,3,80,1,5,2,3,5,4,1,2,0
1599,Travel_Rarely,4,2,5022,5,Y,No,10,3,3,80,1,8,0,3,6,4,0,2,0
1601,Travel_Rarely,3,4,2771,1,Y,No,16,3,4,80,1,1,5,2,1,0,0,1,0
1602,Travel_Rarely,4,1,18094,1,Y,No,13,3,2,80,0,28,5,1,26,0,0,12,1
1604,Travel_Rarely,3,2,2480,1,Y,Yes,15,3,3,80,3,1,3,3,1,1,0,0,1
1605,Non-Travel,2,3,2898,1,Y,Yes,12,3,2,80,0,4,2,2,4,2,1,3,0
1606,Travel_Frequently,2,3,11582,2,Y,Yes,13,3,3,80,1,33,3,3,30,8,12,13,0
1607,Travel_Rarely,2,4,3411,3,Y,No,15,3,4,80,2,6,3,3,3,2,0,2,0
1608,Travel_Rarely,2,4,19620,0,Y,Yes,12,3,4,80,1,24,4,2,22,7,1,10,1
1609,Travel_Rarely,2,2,2205,1,Y,No,10,3,2,80,1,6,3,2,6,4,1,1,0
1611,Travel_Rarely,3,1,5942,1,Y,Yes,12,3,1,80,0,10,3,3,10,7,1,4,0
1612,Non-Travel,1,1,4517,1,Y,No,13,3,1,80,1,10,2,3,10,7,4,5,0
1613,Travel_Frequently,4,1,5492,7,Y,No,11,3,4,80,0,10,3,3,5,2,0,3,0
1614,Travel_Rarely,3,3,4803,9,Y,Yes,10,3,2,80,2,7,2,3,3,2,1,1,0
1615,Travel_Frequently,3,4,4866,1,Y,No,11,3,1,80,1,9,3,3,9,7,7,2,0
1617,Travel_Rarely,3,1,3307,1,Y,No,12,3,4,80,1,10,3,2,9,6,1,4,0
1618,Travel_Rarely,2,1,5538,2,Y,No,11,3,4,80,3,10,3,3,7,7,7,7,0
1619,Travel_Rarely,4,1,4188,1,Y,No,9,3,1,80,2,7,3,3,7,7,0,7,0
1621,Travel_Rarely,2,1,5364,1,Y,No,9,3,4,80,0,17,2,3,16,15,1,10,0
1622,Travel_Rarely,2,1,5023,0,Y,No,19,4,2,80,1,6,5,2,5,3,0,0,0
1623,Travel_Rarely,3,4,3211,1,Y,No,16,3,3,80,0,3,2,3,2,2,2,2,0
1624,Travel_Frequently,2,4,1616,1,Y,Yes,10,3,3,80,0,0,2,4,0,0,0,0,1
1625,Travel_Rarely,4,3,20248,3,Y,No,9,3,3,80,1,28,2,3,5,2,1,0,1
1627,Travel_Rarely,3,3,3161,0,Y,No,13,3,4,80,1,12,3,3,10,8,0,7,0
1628,Travel_Rarely,1,3,10748,1,Y,No,11,3,4,80,2,19,2,3,18,15,14,12,0
1630,Non-Travel,3,3,4272,1,Y,No,10,3,4,80,1,16,5,3,14,11,2,9,0
1631,Travel_Rarely,3,3,5941,3,Y,No,15,3,1,80,3,9,2,2,4,3,0,2,0
1633,Travel_Frequently,1,3,5193,0,Y,No,11,3,4,80,0,10,2,1,9,2,3,8,0
1635,Travel_Rarely,4,4,5943,1,Y,No,17,3,1,80,2,10,3,3,10,7,3,9,0
1638,Travel_Rarely,4,3,7989,3,Y,Yes,17,3,4,80,1,10,6,4,5,4,0,2,0
1639,Travel_Rarely,4,1,10615,9,Y,No,15,3,3,80,0,16,3,3,13,12,6,0,1
1640,Travel_Rarely,2,2,4054,1,Y,No,9,3,1,80,1,8,2,1,8,4,7,7,0
1641,Travel_Rarely,3,4,8183,6,Y,Yes,13,3,4,80,0,19,2,2,4,2,3,3,0
1642,Travel_Frequently,1,4,5915,4,Y,Yes,9,3,3,80,0,15,3,3,10,7,0,2,0
1644,Travel_Frequently,3,4,15658,2,Y,No,23,4,2,80,1,24,3,3,2,2,2,2,1
1645,Travel_Rarely,1,4,5603,6,Y,Yes,12,3,4,80,2,7,2,2,2,2,2,2,1
1646,Travel_Frequently,1,4,3873,1,Y,Yes,11,3,3,80,0,6,2,3,6,3,1,3,0
1647,Travel_Rarely,2,3,3623,7,Y,No,15,3,1,80,0,5,0,3,3,2,0,2,0
1648,Travel_Frequently,4,4,2657,2,Y,No,11,3,3,80,0,6,0,2,4,2,1,2,0
1649,Travel_Rarely,1,1,2231,3,Y,Yes,12,3,2,80,0,10,3,1,4,2,0,3,1
1650,Travel_Rarely,3,3,6045,9,Y,No,9,3,3,80,0,8,2,3,5,2,1,4,0
1651,Travel_Rarely,2,1,8248,4,Y,No,10,3,3,80,2,9,6,3,3,2,0,2,0
1653,Travel_Frequently,4,3,5362,1,Y,No,15,3,3,80,2,7,6,3,7,7,0,7,0
1654,Travel_Rarely,4,2,5454,4,Y,No,19,4,3,80,0,7,3,3,5,4,1,0,0
1655,Travel_Rarely,1,2,16905,3,Y,No,14,3,2,80,2,28,2,3,4,2,1,2,1
1656,Travel_Rarely,4,1,13667,5,Y,No,13,3,3,80,3,20,3,3,14,11,1,11,1
1657,Travel_Rarely,3,3,2866,1,Y,No,17,3,1,80,0,2,3,3,2,2,2,2,0
1658,Travel_Rarely,4,2,5596,1,Y,No,10,3,3,80,1,12,2,3,11,8,7,9,0
1659,Travel_Rarely,1,2,2073,2,Y,No,9,3,3,80,0,16,4,3,4,3,1,3,0
1661,Travel_Rarely,3,3,14385,2,Y,Yes,17,3,2,80,1,31,3,3,15,11,2,12,1
1662,Non-Travel,4,3,4505,0,Y,No,13,3,3,80,0,4,6,3,3,2,1,2,0
1664,Travel_Rarely,4,1,7047,6,Y,No,18,4,1,80,1,14,3,3,5,4,0,4,0
1665,Travel_Rarely,2,3,17949,3,Y,No,23,4,3,80,1,37,6,3,10,8,4,7,1
1666,Travel_Rarely,3,3,18131,1,Y,No,22,4,1,80,1,15,3,3,14,10,6,11,1
1667,Travel_Frequently,4,4,4718,3,Y,Yes,22,4,1,80,0,14,2,4,11,9,6,7,1
1668,Travel_Frequently,4,4,4877,7,Y,No,13,3,4,80,2,20,4,4,13,11,2,9,0
1669,Travel_Rarely,1,2,4313,1,Y,Yes,11,3,2,80,1,10,3,2,10,0,0,9,0
1670,Travel_Rarely,4,4,5670,1,Y,No,12,3,3,80,2,6,5,3,6,2,0,4,0
1671,Travel_Rarely,4,2,5634,0,Y,No,11,3,3,80,2,10,4,2,9,5,1,6,0
1673,Travel_Rarely,1,4,5640,1,Y,No,9,3,1,80,2,10,2,3,10,0,0,2,0
1674,Travel_Rarely,4,1,2665,4,Y,Yes,14,3,2,80,1,18,2,2,2,2,2,2,0
1675,Travel_Frequently,4,2,2513,1,Y,No,20,4,2,80,0,4,3,3,4,3,3,3,0
1676,Travel_Rarely,2,2,16451,6,Y,No,12,3,3,80,3,30,2,3,3,2,1,2,1
1677,Travel_Rarely,3,3,15840,4,Y,No,12,3,1,80,0,24,2,3,8,7,0,0,1
1678,Travel_Rarely,4,3,7294,3,Y,Yes,14,3,4,80,0,22,2,3,2,0,0,2,0
1680,Travel_Rarely,4,1,2810,1,Y,No,9,3,1,80,0,2,3,3,2,2,0,2,0
1681,Non-Travel,3,4,5529,1,Y,Yes,23,4,3,80,1,7,2,3,6,5,1,2,0
1682,Travel_Rarely,1,3,5507,6,Y,No,12,3,2,80,2,10,2,2,3,2,0,2,0
1683,Travel_Rarely,3,4,3291,4,Y,Yes,16,3,1,80,3,8,2,3,2,2,2,2,0
1684,Travel_Rarely,4,3,4109,1,Y,Yes,9,3,1,80,0,5,2,3,5,4,1,2,1
1687,Travel_Rarely,4,3,3405,7,Y,No,17,3,4,80,1,7,5,2,0,0,0,0,0
1689,Travel_Rarely,2,4,7215,3,Y,No,13,3,3,80,0,12,2,3,4,3,1,2,0
1691,Travel_Frequently,4,3,2735,2,Y,Yes,9,3,3,80,2,20,3,3,9,7,7,7,1
1692,Travel_Rarely,4,2,1435,1,Y,No,10,3,1,80,0,1,2,3,1,0,0,0,1
1693,Non-Travel,4,4,2647,1,Y,No,18,4,3,80,0,7,5,3,7,7,5,7,0
1694,Travel_Rarely,1,2,3643,5,Y,No,10,3,4,80,1,8,1,3,4,2,1,2,0
1696,Travel_Rarely,2,4,4106,1,Y,No,12,3,3,80,1,16,3,4,15,10,4,13,0
1697,Travel_Rarely,3,4,11209,3,Y,No,18,4,3,80,1,20,2,4,1,0,0,0,0
1698,Travel_Rarely,2,2,2089,1,Y,No,16,3,4,80,3,15,6,3,14,11,2,13,0
1700,Travel_Frequently,3,4,9811,1,Y,No,12,3,3,80,2,6,2,2,6,3,1,3,0
1701,Travel_Rarely,2,4,3017,1,Y,No,10,3,2,80,0,10,3,3,10,9,8,7,0
1702,Travel_Rarely,3,4,2343,1,Y,Yes,19,4,2,80,1,3,2,3,3,2,0,2,1
1703,Travel_Rarely,3,4,8115,1,Y,Yes,17,3,2,80,1,9,2,3,8,7,6,7,0
1704,Travel_Frequently,1,4,5078,0,Y,Yes,12,3,3,80,0,6,2,4,5,4,1,4,0
1706,Travel_Rarely,4,4,8082,1,Y,Yes,15,3,1,80,1,10,3,3,10,9,8,8,0
1707,Travel_Rarely,3,3,4533,1,Y,No,14,3,4,80,1,5,1,3,5,3,0,4,0
1708,Travel_Rarely,4,3,9518,1,Y,No,10,3,2,80,0,10,3,3,10,8,8,7,0
1709,Travel_Rarely,4,3,3063,9,Y,No,15,3,3,80,1,9,2,3,5,3,1,2,0
1710,Travel_Rarely,3,4,4637,3,Y,No,13,3,3,80,0,18,2,2,13,7,6,7,0
1712,Non-Travel,3,3,11070,3,Y,No,21,4,4,80,1,26,3,2,23,15,14,4,0
1714,Travel_Rarely,4,3,1602,1,Y,No,9,3,3,80,1,1,2,3,1,0,0,0,1
1716,Travel_Frequently,3,3,13324,7,Y,No,9,3,3,80,0,26,3,1,23,5,14,10,1
1718,Travel_Rarely,4,3,2374,1,Y,No,13,3,3,80,3,3,3,4,3,2,0,2,0
1719,Travel_Rarely,4,2,17205,1,Y,No,9,3,3,80,0,22,2,3,21,6,8,6,1
1720,Travel_Frequently,1,3,3536,6,Y,No,11,3,1,80,1,10,3,2,5,2,1,3,0
1721,Travel_Rarely,2,3,3581,1,Y,No,12,3,4,80,1,6,2,4,5,2,0,3,0
1722,Non-Travel,3,2,6623,6,Y,No,17,3,2,80,1,10,4,3,3,2,1,2,0
1724,Travel_Rarely,2,1,6711,2,Y,Yes,14,3,2,80,1,19,3,3,1,0,0,0,0
1725,Travel_Rarely,2,1,4024,1,Y,No,11,3,2,80,3,6,2,4,6,2,1,2,0
1727,Travel_Rarely,3,2,5729,6,Y,No,12,3,4,80,0,20,3,3,10,7,0,9,0
1728,Travel_Rarely,4,3,7089,2,Y,No,14,3,2,80,1,18,3,3,7,7,0,7,0
1729,Travel_Rarely,2,4,2948,1,Y,No,10,3,2,80,1,10,2,2,10,0,0,8,0
1731,Non-Travel,3,2,5127,7,Y,No,9,3,4,80,1,4,3,1,1,0,0,0,0
1732,Travel_Rarely,3,4,10679,4,Y,Yes,10,3,2,80,1,14,5,2,10,6,0,3,0
1733,Travel_Rarely,2,1,6318,5,Y,Yes,11,3,2,80,3,17,3,3,2,2,2,2,1
1734,Travel_Rarely,1,2,6937,6,Y,No,13,3,2,80,0,10,2,3,0,0,0,0,1
1735,Travel_Rarely,3,2,3394,1,Y,No,11,3,3,80,0,3,3,1,3,2,1,2,0
1736,Travel_Frequently,4,4,5395,2,Y,No,18,4,4,80,0,9,3,2,5,4,1,4,0
1737,Non-Travel,4,4,6666,1,Y,Yes,13,3,4,80,1,9,2,3,9,8,5,8,0
1739,Travel_Rarely,4,3,9898,3,Y,No,11,3,3,80,1,10,2,1,4,3,0,2,0
1740,Travel_Rarely,2,2,20428,1,Y,No,12,3,2,80,0,22,3,2,21,8,12,8,1
1744,Travel_Rarely,3,3,10049,4,Y,No,19,4,3,80,2,9,2,4,5,0,0,3,0
1745,Travel_Frequently,4,1,5117,0,Y,No,14,3,4,80,0,10,2,3,9,7,0,7,0
1746,Travel_Frequently,1,4,2209,0,Y,No,12,3,4,80,1,3,2,3,2,2,2,1,0
1747,Travel_Frequently,3,4,2245,6,Y,No,9,3,3,80,1,6,0,2,4,2,1,2,1
1749,Travel_Rarely,1,3,8596,1,Y,No,17,3,3,80,1,6,3,3,5,2,0,2,0
1751,Travel_Rarely,3,4,3548,1,Y,No,9,3,3,80,0,6,5,2,6,2,1,4,0
1752,Travel_Rarely,2,2,2843,1,Y,No,11,3,3,80,0,2,3,3,2,2,2,2,1
1753,Travel_Frequently,4,3,6483,8,Y,Yes,10,3,4,80,0,10,5,4,3,2,0,2,0
1754,Travel_Rarely,3,1,7354,2,Y,No,9,3,1,80,1,13,2,3,7,7,1,7,0
1755,Travel_Rarely,4,4,3020,0,Y,Yes,12,3,1,80,3,6,3,3,5,0,1,2,0
1756,Non-Travel,4,2,5301,8,Y,No,13,3,4,80,0,14,2,2,11,7,1,7,0
1757,Travel_Rarely,4,4,4642,3,Y,No,10,3,3,80,0,8,1,4,5,1,0,4,0
1758,Travel_Rarely,1,1,8821,2,Y,Yes,18,4,3,80,0,12,2,2,0,0,0,0,1
1760,Travel_Frequently,3,2,2542,4,Y,No,12,3,2,80,1,9,4,2,6,1,0,5,0
1761,Travel_Rarely,1,3,8406,2,Y,No,11,3,1,80,3,10,2,3,1,0,0,0,1
1762,Travel_Rarely,4,1,2172,1,Y,No,11,3,3,80,1,1,2,3,1,0,0,0,0
1763,Travel_Rarely,3,3,5453,3,Y,No,14,3,3,80,1,10,3,3,7,0,1,7,0
1764,Non-Travel,2,2,2800,2,Y,No,12,3,2,80,0,13,3,3,7,7,0,7,0
1766,Travel_Rarely,2,4,5985,3,Y,Yes,14,3,3,80,1,16,2,3,1,0,1,0,0
1767,Travel_Frequently,3,3,2510,9,Y,Yes,14,3,4,80,1,6,4,3,1,0,0,0,1
1768,Travel_Rarely,2,2,2849,8,Y,No,20,4,2,80,3,7,6,2,5,3,0,4,0
1770,Travel_Rarely,3,1,19609,8,Y,No,10,3,2,80,3,35,2,3,1,0,0,0,1
1771,Non-Travel,4,2,3147,5,Y,No,13,3,4,80,2,12,2,2,9,8,1,7,0
1772,Travel_Rarely,3,1,2358,1,Y,No,18,4,2,80,2,5,2,3,5,3,0,4,0
1774,Non-Travel,4,3,4121,1,Y,Yes,12,3,3,80,1,16,3,3,15,14,0,7,0
1775,Non-Travel,1,3,13354,4,Y,Yes,18,4,4,80,3,28,2,2,3,2,0,2,0
1778,Travel_Rarely,2,4,3645,0,Y,No,11,3,2,80,0,10,5,3,9,7,1,8,0
1779,Travel_Rarely,4,4,6210,5,Y,No,10,3,1,80,0,6,3,3,2,2,2,2,0
1780,Travel_Rarely,2,2,2759,1,Y,No,11,3,2,80,0,1,3,3,1,0,1,0,1
1782,Travel_Rarely,4,3,3813,1,Y,No,9,3,2,80,1,5,3,3,5,4,0,4,0
1783,Travel_Rarely,3,1,2470,1,Y,Yes,15,3,3,80,0,1,6,3,1,0,0,0,1
1784,Travel_Rarely,1,4,5632,1,Y,No,12,3,1,80,2,14,3,3,12,7,5,7,0
1786,Travel_Rarely,1,3,13509,2,Y,No,9,3,4,80,0,16,2,3,2,2,2,2,0
1787,Travel_Rarely,2,2,4315,1,Y,No,12,3,1,80,2,5,2,3,5,2,0,3,0
1789,Travel_Rarely,3,4,19908,7,Y,Yes,15,3,3,80,1,25,3,3,2,1,2,2,1
1790,Travel_Rarely,4,1,8571,7,Y,Yes,11,3,4,80,1,16,1,3,12,8,5,7,0
1792,Travel_Frequently,3,2,2412,1,Y,Yes,10,3,3,80,3,6,2,2,5,3,2,3,1
1794,Travel_Rarely,3,2,4193,2,Y,No,11,3,3,80,0,20,4,2,10,0,4,7,0
1797,Travel_Rarely,3,4,5987,1,Y,Yes,16,3,4,80,0,10,2,3,10,7,7,7,1
1798,Travel_Rarely,4,1,3237,6,Y,No,17,3,2,80,1,15,1,3,10,8,7,6,0
1799,Travel_Rarely,3,4,2105,1,Y,No,9,3,3,80,1,5,6,4,5,3,0,3,0
1800,Travel_Rarely,3,3,13868,7,Y,No,19,4,3,80,0,9,3,3,4,3,2,2,1
1801,Non-Travel,2,2,8231,8,Y,No,13,3,3,80,0,6,3,3,2,2,2,2,0
1802,Travel_Rarely,3,1,3478,4,Y,No,15,3,4,80,1,7,5,2,4,3,0,2,0
1803,Travel_Rarely,2,1,5704,5,Y,No,16,3,3,80,2,10,2,2,0,0,0,0,0
1804,Non-Travel,2,4,5935,2,Y,No,12,3,3,80,1,16,6,3,7,7,1,7,0
1805,Non-Travel,1,2,2670,5,Y,No,11,3,4,80,3,14,3,3,11,10,3,8,0
1807,Travel_Frequently,4,1,5506,4,Y,No,15,3,3,80,1,12,3,2,7,1,0,7,1
1809,Travel_Rarely,4,1,4339,1,Y,No,13,3,2,80,0,10,4,1,10,3,0,8,1
1812,Travel_Frequently,3,4,4251,2,Y,No,16,3,4,80,1,7,6,3,2,1,2,2,0
1813,Non-Travel,1,3,2511,4,Y,No,11,3,3,80,0,7,2,2,3,2,1,2,0
1814,Travel_Rarely,2,2,7076,3,Y,No,10,3,1,80,0,12,3,1,3,2,1,2,0
1815,Travel_Rarely,3,3,10760,0,Y,Yes,11,3,4,80,1,24,3,4,22,14,13,5,0
1816,Travel_Rarely,1,3,9957,9,Y,No,12,3,2,80,0,9,3,3,7,7,0,2,0
1818,Travel_Rarely,4,2,2212,0,Y,Yes,9,3,3,80,0,6,3,3,5,1,1,4,1
1821,Travel_Rarely,4,2,9194,4,Y,No,20,4,4,80,1,14,2,4,9,7,3,7,1
1822,Travel_Rarely,3,4,6708,4,Y,No,15,3,4,80,1,13,3,3,5,3,0,3,0
1823,Travel_Rarely,2,3,7003,1,Y,No,19,4,3,80,2,10,5,3,10,8,4,8,0
1824,Non-Travel,2,2,16780,4,Y,No,20,4,4,80,1,38,0,2,16,9,14,14,1
1826,Travel_Rarely,2,3,2786,0,Y,No,14,3,2,80,1,6,2,4,5,4,0,3,0
1827,Travel_Rarely,3,2,10643,8,Y,Yes,10,3,3,80,1,29,4,3,22,11,14,10,0
1829,Travel_Rarely,2,1,4581,2,Y,No,10,3,2,80,1,16,3,3,7,4,7,7,0
1830,Travel_Rarely,4,4,7060,4,Y,No,13,3,2,80,1,15,2,2,7,1,1,7,0
1833,Travel_Frequently,1,1,9926,2,Y,No,12,3,4,80,2,9,3,3,3,2,2,2,0
1834,Travel_Rarely,3,1,3699,1,Y,No,23,4,3,80,1,3,3,3,3,2,1,2,0
1835,Travel_Rarely,2,4,5567,2,Y,Yes,18,4,1,80,2,21,4,2,4,2,0,3,0
1836,Travel_Rarely,3,4,4825,1,Y,No,11,3,1,80,0,5,4,3,5,3,1,2,0
1837,Travel_Frequently,1,3,16261,2,Y,Yes,12,3,2,80,0,24,3,3,2,2,2,2,1
1839,Non-Travel,2,3,1559,1,Y,No,14,3,3,80,0,0,4,1,0,0,0,0,0
1842,Travel_Rarely,4,1,3045,0,Y,No,15,3,3,80,0,2,4,3,1,0,0,0,1
1844,Travel_Rarely,1,1,2405,4,Y,Yes,13,3,4,80,3,4,3,3,2,2,2,0,1
1845,Non-Travel,3,3,5309,4,Y,No,20,4,2,80,2,10,3,4,8,7,5,7,0
1847,Travel_Rarely,4,2,7171,4,Y,Yes,20,4,4,80,1,16,2,3,1,0,0,0,0
1849,Travel_Frequently,1,4,5845,1,Y,No,18,4,3,80,1,7,5,3,7,7,7,7,0
1850,Travel_Frequently,4,4,2450,0,Y,Yes,12,3,3,80,0,6,3,2,5,4,0,2,0
1852,Travel_Frequently,4,4,3926,1,Y,No,11,3,2,80,0,12,3,4,11,8,3,10,0
1853,Travel_Frequently,4,4,4787,8,Y,No,11,3,3,80,0,4,2,4,0,0,0,0,0
1854,Non-Travel,3,3,3024,3,Y,No,20,4,2,80,2,10,1,2,6,3,3,3,0
1856,Travel_Rarely,2,3,2168,4,Y,No,10,3,3,80,0,7,2,3,2,2,2,0,0
1857,Travel_Rarely,4,4,8835,3,Y,No,12,3,3,80,1,13,4,2,9,8,4,7,0
1858,Non-Travel,3,4,2787,1,Y,No,13,3,2,80,1,3,2,3,3,2,2,2,0
1859,Travel_Rarely,4,3,6576,8,Y,No,15,3,4,80,2,12,3,3,7,0,1,6,0
1860,Travel_Rarely,4,3,4087,4,Y,No,11,3,4,80,0,8,3,3,0,0,0,0,0
1862,Travel_Rarely,3,2,10204,7,Y,Yes,10,3,3,80,0,7,3,2,2,2,2,2,1
1863,Travel_Rarely,1,1,13622,2,Y,No,10,3,4,80,1,26,5,3,19,17,2,8,0
1864,Travel_Rarely,2,3,3646,1,Y,No,19,4,4,80,1,9,5,3,9,8,5,8,0
1865,Travel_Rarely,4,2,2888,1,Y,No,9,3,4,80,0,1,3,3,1,0,0,0,0
1866,Travel_Rarely,1,3,19974,7,Y,No,11,3,4,80,0,22,2,3,16,12,6,14,1
1867,Travel_Rarely,4,2,20255,4,Y,No,10,3,4,80,0,30,3,3,22,10,12,9,1
1868,Travel_Frequently,4,4,2512,1,Y,Yes,22,4,2,80,0,1,3,2,1,0,1,0,1
1869,Travel_Rarely,3,2,7533,5,Y,No,19,4,3,80,3,15,2,3,8,7,0,7,1
1870,Travel_Frequently,4,1,4917,0,Y,No,17,3,4,80,1,8,2,2,7,6,7,3,0
1871,Travel_Rarely,4,4,4019,8,Y,No,12,3,2,80,3,7,2,3,2,2,2,2,0
1873,Travel_Rarely,2,4,2742,8,Y,No,18,4,2,80,1,20,2,4,5,2,0,4,0
1875,Travel_Rarely,2,2,2942,1,Y,No,17,3,4,80,1,1,3,3,1,0,0,0,0
1876,Travel_Rarely,2,4,1113,1,Y,No,11,3,3,80,0,1,3,2,1,0,0,0,1
1878,Travel_Rarely,4,2,2546,1,Y,Yes,21,4,1,80,0,1,2,3,1,0,0,0,1
1880,Travel_Rarely,2,3,5843,1,Y,Yes,11,3,1,80,1,10,4,3,10,9,1,7,0
1881,Travel_Rarely,2,3,4323,1,Y,No,9,3,1,80,1,10,2,3,10,8,0,2,0
1882,Travel_Rarely,3,4,10004,2,Y,Yes,11,3,4,80,3,9,3,3,5,3,1,0,0
1883,Travel_Rarely,4,1,2124,3,Y,No,12,3,2,80,0,12,2,3,3,2,1,2,0
1885,Travel_Rarely,4,1,4413,5,Y,Yes,20,4,3,80,1,17,2,3,5,3,0,4,0
1886,Travel_Rarely,4,2,4932,0,Y,Yes,9,3,4,80,0,4,2,3,3,2,0,2,0
1888,Travel_Rarely,2,4,6083,0,Y,No,11,3,4,80,2,10,2,2,9,8,3,8,0
1890,Travel_Frequently,2,4,4003,1,Y,No,19,4,4,80,0,10,2,2,10,1,0,8,0
1892,Travel_Rarely,1,1,17328,2,Y,No,9,3,1,80,1,23,3,3,19,7,11,16,1
1893,Travel_Rarely,2,3,3021,1,Y,Yes,11,3,3,80,1,1,3,2,1,0,1,0,0
1898,Travel_Rarely,1,3,6695,0,Y,No,12,3,2,80,0,9,5,2,8,7,0,7,0
1900,Travel_Frequently,4,4,17689,3,Y,No,9,3,2,80,1,25,3,3,22,17,4,7,1
1903,Travel_Rarely,2,1,5184,2,Y,No,13,3,4,80,1,10,5,3,2,0,2,2,0
1905,Non-Travel,4,1,2376,1,Y,Yes,21,4,2,80,1,5,2,3,5,2,3,0,1
1907,Travel_Rarely,1,4,2665,1,Y,No,14,3,4,80,0,5,3,3,4,2,1,0,1
1908,Travel_Rarely,3,2,5672,2,Y,No,14,3,3,80,2,13,1,1,4,2,1,3,0
1909,Travel_Rarely,3,2,4525,5,Y,No,19,4,3,80,1,15,3,3,5,4,1,4,0
1911,Travel_Rarely,3,1,13748,9,Y,No,11,3,2,80,1,19,3,4,13,7,5,7,1
1912,Travel_Rarely,3,4,6780,2,Y,Yes,9,3,4,80,1,8,2,3,5,2,1,4,0
1915,Travel_Rarely,4,4,8346,3,Y,Yes,10,3,3,80,0,9,3,2,4,2,0,1,0
1916,Travel_Rarely,1,3,4097,8,Y,No,10,3,2,80,1,4,0,2,2,2,2,2,0
1918,Travel_Frequently,3,4,2620,0,Y,No,16,3,1,80,1,8,3,3,7,7,7,7,0
1922,Travel_Frequently,2,3,5561,4,Y,No,10,3,3,80,0,13,3,3,4,2,0,3,0
1924,Travel_Rarely,2,3,5652,1,Y,No,12,3,2,80,0,10,2,2,10,4,0,9,0
1927,Travel_Frequently,3,4,7039,1,Y,Yes,10,3,3,80,1,7,2,3,7,7,0,7,0
1928,Travel_Frequently,3,1,1124,1,Y,No,15,3,4,80,0,1,3,3,1,0,0,0,1
1929,Non-Travel,1,3,5908,6,Y,No,17,3,3,80,1,10,1,3,3,2,1,2,0
1931,Travel_Rarely,2,2,2293,1,Y,No,9,3,3,80,1,6,3,2,5,3,1,2,0
1932,Travel_Frequently,3,4,5919,1,Y,Yes,13,3,2,80,0,17,3,3,15,10,6,11,0
1933,Travel_Rarely,4,3,10150,3,Y,Yes,9,3,4,80,0,6,0,3,2,0,2,2,1
1934,Non-Travel,3,2,5631,8,Y,No,16,3,3,80,1,17,4,4,8,7,1,7,0
1935,Travel_Rarely,4,1,5541,4,Y,No,14,3,3,80,1,6,3,3,0,0,0,0,0
1936,Travel_Rarely,1,1,5306,1,Y,No,23,4,4,80,1,10,3,3,10,0,7,9,0
1937,Travel_Frequently,4,2,2197,1,Y,Yes,14,3,3,80,1,21,3,3,20,11,0,7,0
1938,Travel_Rarely,4,4,18411,4,Y,Yes,11,3,3,80,1,30,2,2,1,0,0,0,1
1939,Travel_Frequently,1,3,2505,3,Y,Yes,12,3,1,80,0,8,2,3,4,1,0,3,1
1940,Travel_Rarely,2,4,4914,2,Y,No,17,3,4,80,2,10,0,4,5,2,0,3,0
1941,Travel_Frequently,2,4,19736,3,Y,No,13,3,4,80,0,29,3,3,5,4,4,3,1
1943,Travel_Rarely,2,4,5240,3,Y,Yes,10,3,3,80,2,15,4,3,0,0,0,0,0
1944,Travel_Frequently,1,2,2949,1,Y,No,10,3,1,80,0,1,2,3,1,0,0,0,1
1945,Travel_Rarely,2,1,5728,0,Y,No,14,3,4,80,1,6,2,1,5,3,0,4,0
1947,Non-Travel,3,3,2208,1,Y,No,12,3,3,80,0,5,3,2,5,3,1,4,0
1948,Non-Travel,3,1,3157,1,Y,Yes,11,3,4,80,1,4,3,4,4,2,2,3,0
1949,Non-Travel,1,2,2894,1,Y,No,20,4,2,80,0,5,3,3,5,4,0,2,0
1950,Travel_Rarely,1,4,10185,1,Y,No,19,4,1,80,0,15,3,2,14,8,2,1,0
1951,Travel_Rarely,4,3,8887,1,Y,No,16,3,3,80,1,9,2,2,8,7,1,1,0
1952,Travel_Rarely,3,1,2953,0,Y,No,11,3,4,80,0,8,6,2,7,7,7,6,0
1954,Travel_Rarely,1,1,5534,0,Y,No,10,3,1,80,1,6,5,2,5,3,0,2,0
1955,Non-Travel,3,4,6867,5,Y,No,16,3,2,80,1,9,6,3,5,1,1,2,0
1956,Travel_Frequently,4,1,5153,1,Y,No,19,4,2,80,0,10,6,3,10,8,8,7,0
1960,Travel_Rarely,3,4,2438,5,Y,No,10,3,1,80,1,6,2,2,4,1,0,3,1
1961,Travel_Rarely,1,1,2944,4,Y,No,12,3,1,80,0,21,3,2,1,0,0,0,0
1962,Travel_Rarely,3,4,5360,1,Y,Yes,9,3,4,80,0,10,2,3,10,8,0,9,0
1965,Travel_Rarely,4,4,4228,1,Y,No,12,3,1,80,0,7,5,3,7,7,0,7,0
1966,Travel_Rarely,4,4,9969,8,Y,No,22,4,2,80,0,8,1,3,1,0,0,0,0
1967,Travel_Frequently,1,4,5786,1,Y,Yes,9,3,3,80,0,10,4,3,10,7,0,8,1
1968,Travel_Rarely,1,1,10761,6,Y,Yes,11,3,2,80,0,16,2,2,2,2,2,2,1
1969,Travel_Rarely,1,3,2984,3,Y,No,9,3,3,80,2,9,6,2,4,3,2,3,0
1970,Travel_Frequently,4,3,6147,1,Y,No,18,4,3,80,3,9,2,3,9,7,2,8,0
1971,Travel_Rarely,1,3,7735,1,Y,No,15,3,2,80,1,10,1,3,10,9,0,9,0
1972,Travel_Frequently,4,2,3081,0,Y,Yes,9,3,2,80,1,7,2,3,6,2,1,2,0
1973,Travel_Rarely,3,2,20225,4,Y,Yes,16,3,1,80,1,36,0,3,10,9,1,4,1
1974,Travel_Rarely,4,4,1163,1,Y,Yes,9,3,3,80,3,1,4,3,1,0,0,0,0
1975,Travel_Rarely,2,1,13741,0,Y,No,10,3,1,80,0,22,3,3,20,8,11,10,1
1976,Non-Travel,4,3,4462,1,Y,No,10,3,4,80,0,21,2,3,20,9,3,7,0
1979,Non-Travel,3,3,11362,4,Y,No,18,4,3,80,1,14,2,4,11,7,4,8,0
1980,Travel_Rarely,3,1,4573,6,Y,Yes,17,3,4,80,0,9,3,3,5,2,1,4,0
1981,Travel_Rarely,2,3,4756,1,Y,No,10,3,2,80,0,4,2,2,4,3,1,2,0
1982,Travel_Rarely,4,4,2726,1,Y,No,11,3,3,80,0,5,6,4,5,2,1,4,0
1985,Travel_Frequently,4,3,6513,1,Y,No,9,3,1,80,1,10,2,4,10,9,9,4,0
1986,Travel_Rarely,2,2,5847,3,Y,No,12,3,3,80,1,16,4,3,11,8,5,10,0
1987,Travel_Rarely,3,2,2253,4,Y,No,12,3,3,80,0,6,3,3,2,0,1,2,0
1989,Travel_Rarely,4,2,3860,1,Y,No,11,3,3,80,0,13,6,2,12,8,1,7,0
1992,Travel_Rarely,4,3,4096,6,Y,Yes,17,3,3,80,1,7,2,2,2,2,0,2,0
1993,Travel_Rarely,1,3,8892,2,Y,No,21,4,2,80,0,26,3,3,17,14,12,11,0
1994,Non-Travel,2,3,2068,1,Y,No,10,3,3,80,3,1,2,2,1,1,0,0,0
1995,Travel_Rarely,4,2,4573,0,Y,No,13,3,1,80,2,17,3,3,15,13,5,8,0
1996,Travel_Rarely,1,3,3159,0,Y,No,17,3,3,80,1,3,1,3,2,2,1,2,0
1997,Travel_Frequently,1,3,5481,2,Y,No,9,3,4,80,1,10,1,3,8,3,7,7,0
1998,Travel_Rarely,4,1,5572,6,Y,Yes,15,3,3,80,1,9,3,2,4,3,1,2,0
1999,Travel_Rarely,4,4,2865,3,Y,No,20,4,1,80,1,13,3,3,5,3,1,0,0
2000,Non-Travel,3,2,12316,0,Y,No,16,3,1,80,2,15,3,1,13,8,5,12,0
2003,Travel_Rarely,4,3,2740,7,Y,Yes,9,3,3,80,1,5,3,3,2,2,2,2,0
2007,Travel_Rarely,4,3,3476,0,Y,No,10,3,4,80,0,4,2,4,3,2,1,2,0
2008,Travel_Rarely,2,3,5251,1,Y,No,17,3,2,80,0,10,5,3,10,7,0,8,0
2009,Travel_Rarely,2,4,5024,0,Y,Yes,11,3,1,80,1,10,6,3,9,7,8,1,0
2010,Travel_Rarely,3,2,2922,1,Y,No,11,3,3,80,0,6,3,3,6,2,4,1,0
2012,Travel_Rarely,1,4,2478,8,Y,No,17,3,3,80,2,8,3,2,1,0,0,0,0
2013,Travel_Rarely,2,2,2337,0,Y,No,12,3,2,80,1,3,2,3,2,2,2,2,0
2014,Travel_Rarely,1,4,4231,7,Y,No,11,3,1,80,0,19,2,3,7,7,1,7,0
2015,Travel_Rarely,2,3,13602,3,Y,No,10,3,1,80,1,21,3,3,18,16,1,11,0
2016,Travel_Rarely,3,4,10735,1,Y,No,17,3,3,80,2,15,3,3,14,10,5,7,0
2017,Travel_Rarely,3,4,14156,1,Y,Yes,23,4,1,80,1,17,2,3,16,11,6,8,1
2018,Travel_Rarely,1,3,5054,0,Y,Yes,20,4,2,80,1,6,3,2,5,3,0,4,0
2019,Non-Travel,1,4,3586,2,Y,No,13,3,2,80,2,17,3,2,9,8,0,0,0
2020,Travel_Rarely,2,4,2509,6,Y,Yes,10,3,3,80,0,6,2,3,4,3,1,2,0
2021,Travel_Rarely,3,1,2451,1,Y,Yes,9,3,4,80,0,2,6,3,2,2,1,2,0
2022,Non-Travel,4,4,20014,2,Y,No,11,3,3,80,0,22,3,2,6,0,1,3,1
2023,Travel_Frequently,4,1,1844,1,Y,No,17,3,1,80,1,1,3,2,1,0,1,0,1
2024,Travel_Rarely,1,4,7873,0,Y,No,17,3,3,80,2,10,2,3,9,7,3,4,0
2025,Travel_Frequently,4,2,5285,7,Y,No,11,3,2,80,3,19,3,3,4,2,0,2,0
2026,Non-Travel,3,3,6495,1,Y,No,19,4,1,80,1,14,2,2,13,12,1,9,0
2027,Travel_Rarely,1,4,4931,9,Y,Yes,12,3,2,80,3,4,3,4,2,2,2,2,1
2031,Travel_Rarely,1,3,19446,5,Y,No,9,3,1,80,0,25,2,2,22,6,4,14,1
2032,Travel_Rarely,4,3,2409,8,Y,No,9,3,4,80,1,15,4,1,10,9,9,8,1
2034,Travel_Rarely,1,2,13977,0,Y,No,21,4,3,80,1,22,3,3,20,7,0,10,1
2035,Travel_Rarely,4,3,6913,1,Y,No,19,4,4,80,2,8,2,3,8,7,1,7,0
2036,Non-Travel,4,4,5568,1,Y,No,22,4,1,80,1,16,4,2,15,12,11,11,0
2037,Travel_Rarely,3,2,9206,2,Y,No,9,3,3,80,1,15,5,3,5,4,0,4,0
2038,Travel_Rarely,4,1,2512,1,Y,No,12,3,4,80,0,4,4,3,4,2,1,2,0
2040,Travel_Rarely,3,4,9102,1,Y,Yes,14,3,3,80,0,9,2,3,9,0,1,7,0
2041,Travel_Rarely,1,4,5503,1,Y,No,9,3,3,80,1,10,1,3,10,7,1,9,0
2044,Travel_Frequently,2,3,6930,7,Y,No,10,3,4,80,2,13,3,3,6,3,0,1,1
2045,Travel_Rarely,2,4,6852,4,Y,No,11,3,1,80,1,8,2,2,6,3,0,0,0
2046,Travel_Rarely,4,3,4996,8,Y,No,13,3,3,80,0,8,3,3,5,3,0,1,0
2048,Travel_Rarely,3,3,2893,2,Y,No,12,3,4,80,0,8,2,3,2,2,2,2,0
2049,Travel_Frequently,3,3,5860,1,Y,Yes,12,3,4,80,2,10,2,4,10,2,0,2,0
2051,Travel_Rarely,3,3,2061,2,Y,No,12,3,2,80,3,21,2,3,5,3,0,2,0
2052,Travel_Rarely,3,4,3066,1,Y,No,10,3,4,80,1,4,5,3,4,3,1,1,0
2053,Travel_Rarely,4,2,4146,4,Y,Yes,11,3,1,80,1,10,2,3,4,3,0,3,0
2054,Travel_Rarely,4,1,3899,1,Y,No,12,3,2,80,0,5,3,1,5,4,0,4,0
2055,Travel_Rarely,4,1,11180,4,Y,Yes,11,3,2,80,1,21,3,3,3,2,2,0,1
2056,Travel_Rarely,2,4,12392,0,Y,No,9,3,1,80,1,22,2,2,20,9,9,6,0
2057,Non-Travel,2,1,10234,0,Y,No,17,3,2,80,0,10,2,3,9,4,1,7,0
2060,Travel_Rarely,4,3,3055,0,Y,No,16,3,4,80,0,5,2,3,4,2,0,0,0
2061,Travel_Frequently,3,4,2648,4,Y,No,15,3,3,80,1,18,3,3,5,2,0,3,0
2062,Travel_Rarely,4,1,10291,4,Y,No,13,3,1,80,1,9,5,3,7,7,1,7,0
2064,Travel_Rarely,2,2,6326,1,Y,Yes,18,4,2,80,1,6,0,3,6,2,0,3,0
2065,Travel_Frequently,4,2,5552,2,Y,No,12,3,4,80,0,18,3,2,9,6,0,8,0
2068,Travel_Rarely,2,3,4536,2,Y,No,10,3,1,80,0,6,3,4,4,3,1,2,0
